"<![CDATA[ &nbsp; &nbsp; &nbsp; &nbsp; - ]]>2a Shipmethod match","2a Shipmethod partita"
"<![CDATA[ &nbsp; &nbsp; &nbsp; &nbsp; - ]]>2b Shipmethod match","<![CDATA[ &nbsp; &nbsp; &nbsp; &nbsp; - ]]>2b partita Shipmethod"
"<![CDATA[ &nbsp; &nbsp; &nbsp; &nbsp; - ]]>2c Shipmethod match","<![CDATA[ &nbsp; &nbsp; &nbsp; &nbsp; - ]]>2c Shipmethod partita"
"<![CDATA[ &nbsp; &nbsp; &nbsp; &nbsp; - ]]>2d Country negative match","<![CDATA[ &nbsp; &nbsp; &nbsp; &nbsp; - ]]>Paese 2D match negativo"
"<![CDATA[ &nbsp; &nbsp; &nbsp; &nbsp; - ]]>2nd Custom page title","<![CDATA[ &nbsp; &nbsp; &nbsp; &nbsp; - ]]>Secondo titolo della pagina personalizzata"
"<![CDATA[ &nbsp; &nbsp; - ]]>2nd Order attribute code","<![CDATA[ &nbsp; &nbsp; - ]]>2 Codice di ordinazione di attributo"
"<![CDATA[ &nbsp; &nbsp; &nbsp; &nbsp; - ]]>2nd Order attribute code","<![CDATA[ &nbsp; &nbsp; &nbsp; &nbsp; - ]]>2 Codice di ordinazione di attributo"
"Add 2nd shipping-type image?","Aggiungi seconda spedizione-tipo di immagine?"
"Add 3rd shipping-type image?","Aggiungi 3 shipping-tipo di immagine?"
"<![CDATA[ &nbsp; - ]]>Add a 2nd page title?","<![CDATA[ &nbsp; - ]]>Aggiungere un titolo 2 ° pagina?"
"Add company address to header?","Aggiungi indirizzo dell'azienda al colpo di testa?"
"Add header logo?","Aggiungi logo header?"
"Add image background to label?","Aggiungi immagine di sfondo per l'etichetta?"
"<![CDATA[ &nbsp; - ]]>Add Order ID barcode?","<![CDATA[ &nbsp; - ]]>Aggiungi ID codice a barre ordine?"
"Add Order ID barcode?","Aggiungi ID codice a barre ordine?"
"Add ordered qty to stock-needed qty?","Aggiungi quantità ordinato di stock-necessaria quantità?"
"Add return address at bottom?","Aggiungi indirizzo di ritorno in fondo?"
"Add return address?","Aggiungi indirizzo di ritorno?"
"Add shipping address at bottom?","Aggiungi indirizzo di spedizione in fondo?"
"Add shipping-type image?","Aggiungi shipping-tipo di immagine?"
"Address format","Indirizzo formato"
"Address label : Color","Indirizzo etichetta: Colore"
"Address label : Font","Indirizzo etichetta: Font"
"Address label : Size","Indirizzo etichetta: Formato"
"Address label : Style","Etichetta Indirizzo: Style"
"Address-label Sheet Options","Indirizzo del marchio Opzioni Scheda"
"Alternate row color","Riga di colore alternativo"
"<![CDATA[ &nbsp; - ]]>Attribute 1","<![CDATA[ &nbsp; - ]]>Attributo 1"
"<![CDATA[ &nbsp; &nbsp; &nbsp; &nbsp; - ]]>'Attribute 1' column","<![CDATA[ &nbsp; &nbsp; &nbsp; &nbsp; - ]]>Attributo 1 colonna"
"<![CDATA[ &nbsp; - ]]>Attribute 2","<![CDATA[ &nbsp; - ]]>Attributo 2"
"<![CDATA[ &nbsp; &nbsp; &nbsp; &nbsp; - ]]>'Attribute 2' column","<![CDATA[ &nbsp; &nbsp; &nbsp; &nbsp; - ]]>Attributo 2 colonna"
"<![CDATA[ &nbsp; - ]]>Attribute 3","<![CDATA[ &nbsp; - ]]>Attributo 3"
"<![CDATA[ &nbsp; &nbsp; &nbsp; &nbsp; - ]]>'Attribute 3' column","<![CDATA[ &nbsp; &nbsp; &nbsp; &nbsp; - ]]>Attributo 3 colonna"
"<![CDATA[ &nbsp; - ]]>Attribute code","<![CDATA[ &nbsp; - ]]>Attributo codice"
"<![CDATA[ &nbsp; &nbsp; &nbsp; &nbsp; - ]]>Attribute code","<![CDATA[ &nbsp; &nbsp; &nbsp; &nbsp; - ]]>Attributo codice"
"<![CDATA[ &nbsp; - ]]>Attribute column title","<![CDATA[ &nbsp; - ]]>Attributo colonna titolo"
"<![CDATA[ &nbsp; &nbsp; &nbsp; &nbsp; - ]]>Attribute column title","<![CDATA[ &nbsp; &nbsp; &nbsp; &nbsp; - ]]>Attributo colonna titolo"
"Attribute to show","Attributo per mostrare"
"<![CDATA[ &nbsp; - ]]>Attribute to sort by :","<![CDATA[ &nbsp; - ]]>Attributo per l'ordinamento:"
"Attribute to sort by :","Attributo per l'ordinamento:"
"Attribute to use as product name","Attributo da utilizzare come nome del prodotto"
"Auto Processing","Elaborazione automatica"
"<![CDATA[ &nbsp; - ]]>Background Image","<![CDATA[ &nbsp; - ]]>Immagine di sfondo"
"Barcode : Font","Barcode: Font"
"Barcode X-pos.","Barcode X-pos."
"<![CDATA[ &nbsp; - ]]>Billing address position","<![CDATA[ &nbsp; - ]]>Indirizzo di fatturazione posizione"
"<![CDATA[ &nbsp; - ]]>Billing address posititon","<![CDATA[ &nbsp; - ]]>Indirizzo di fatturazione posititon"
"<![CDATA[ &nbsp; - ]]>Billing address title","<![CDATA[ &nbsp; - ]]>Indirizzo di fatturazione titolo"
"<![CDATA[ &nbsp; - ]]>Blank box image","<![CDATA[ &nbsp; - ]]>Casella di immagine in bianco"
"Bottom of page","Fine della pagina"
"<![CDATA[ &nbsp; &nbsp; &nbsp; &nbsp; - ]]>Box 1 Image","<![CDATA[ &nbsp; &nbsp; &nbsp; &nbsp; - ]]>Box 1 Immagine"
"<![CDATA[ &nbsp; &nbsp; &nbsp; &nbsp; - ]]>Box 2a Image (Store Pickup)","<![CDATA[ &nbsp; &nbsp; &nbsp; &nbsp; - ]]>Box Immagine 2 bis (Pickup Store)"
"<![CDATA[ &nbsp; &nbsp; &nbsp; &nbsp; - ]]>Box 2b Image (Express Mail)","<![CDATA[ &nbsp; &nbsp; &nbsp; &nbsp; - ]]>Box 2b Immagine (Mail Express)"
"<![CDATA[ &nbsp; &nbsp; &nbsp; &nbsp; - ]]>Box 2c Image (Priority International)","<![CDATA[ &nbsp; &nbsp; &nbsp; &nbsp; - ]]>Box 2c immagine (International Priority)"
"<![CDATA[ &nbsp; &nbsp; &nbsp; &nbsp; - ]]>Box 2d Image (Standard International)","<![CDATA[ &nbsp; &nbsp; &nbsp; &nbsp; - ]]>Box 2d immagini (standard internazionale)"
"<![CDATA[ &nbsp; &nbsp; &nbsp; &nbsp; - ]]>Box 3 Image","<![CDATA[ &nbsp; &nbsp; &nbsp; &nbsp; - ]]>Box 3 Immagine"
"<![CDATA[ &nbsp; - ]]>Bring up top address?","<![CDATA[ &nbsp; - ]]>Portare indirizzo superiore?"
"Capitalise shipping labels?","Sfruttare etichette di spedizione?"
"Category translation","Categoria traduzione"
"Color attribute","Colore attributo"
"Color X-pos.","Colore X-pos."
"Column mapping","Colonna mappatura"
"Columns Y-X-pos.","Colonne Y-X-pos."
"<![CDATA[ &nbsp; &nbsp; &nbsp; &nbsp; - ]]>'Combined Packing Sheet/Invoice' grouped by Order ID?","<![CDATA[ &nbsp; &nbsp; &nbsp; &nbsp; - ]]> Imballaggio combinato foglio / fattura raggruppate per ID ordine?"
"Comments","Commenti"
"<![CDATA[ &nbsp; - ]]>Company address","<![CDATA[ &nbsp; - ]]>Indirizzo della società"
"Company address : Color","Indirizzo della società: Colore"
"Company address : Font","Indirizzo della società: Font"
"Company address : Size","Indirizzo della società: Formato"
"Company address : Style","Indirizzo della società: Style"
"<![CDATA[ &nbsp; - ]]>Company address, Default","<![CDATA[ &nbsp; - ]]>Indirizzo della società, Default"
"<![CDATA[ &nbsp; - ]]>Company address, Group 1","<![CDATA[ &nbsp; - ]]>Indirizzo società, Gruppo 1"
"<![CDATA[ &nbsp; - ]]>Company address, Group 2","<![CDATA[ &nbsp; - ]]>Indirizzo della società, Gruppo 2"
"<![CDATA[ &nbsp; - ]]>Company address, Group 3","<![CDATA[ &nbsp; - ]]>Indirizzo della società, Gruppo 3"
"Condition","Condizione"
"Cost (base) to (display) exchange rate","Costo (base) (display) tasso di cambio"
"Cost currency prefix","Costo valuta prefisso"
"Cost multiplier","Costo moltiplicatore"
"CSV (Order-combined Products) Options","CSV (ordine Prodotti combinati) Opzioni"
"CSV (Order-separated Products) Options","CSV (ordine separate Prodotti) Opzioni"
"CSV (Orders) Options","CSV (ordini) Opzioni"
"CSV field separator","CSV separatore di campo"
"<![CDATA[ &nbsp; - ]]>Custom font file","<![CDATA[ &nbsp; - ]]>File di font personalizzato"
"Custom Message : Background Color","Messaggio Personale: colore di sfondo"
"Custom Message : Color","Messaggio Personale: Colore"
"Custom Message : Font","Messaggio Personale: Font"
"Custom Message : Size","Messaggio Personale: Formato"
"Custom Message : Style","Messaggio Personale: Style"
"<![CDATA[ &nbsp; - ]]>Custom options column title","<![CDATA[ &nbsp; - ]]>Varianti su colonna titolo"
"<![CDATA[ &nbsp; - ]]>Custom page title","<![CDATA[ &nbsp; - ]]>Frontespizio personalizzato"
"<![CDATA[ &nbsp; - ]]>Custom text image","<![CDATA[ &nbsp; - ]]>Testo dell'immagine personalizzato"
"Custom text under product list?","Testo personalizzato sotto lista dei prodotti?"
"Custom Value","Valore personalizzato"
"Customer Address X-pos.","Indirizzo del cliente X-pos."
"Customer Comments","Commenti dei clienti"
"Customer ID (Footer) X-pos.","ID cliente (piè di pagina) X-pos."
"Customer ID X-pos.","ID cliente X-pos."
"Customer name X-pos.","Nome del cliente X-pos."
"Customize page title?","Personalizza il titolo della pagina?"
"Date format","Formato data"
"Day","Giorno"
"<![CDATA[ &nbsp; &nbsp; - ]]>Deadline text","<![CDATA[ &nbsp; &nbsp; - ]]>Scadenza testo"
"<![CDATA[ &nbsp; &nbsp; - ]]>Don't count these custom option SKUs :","<![CDATA[ &nbsp; &nbsp; - ]]>Don t contare questi SKU opzioni personalizzate:"
"Don't count these custom option SKUs :","Don t contare questi SKU opzioni personalizzate:"
"Double-line spacing?","Doppio interlinea?"
"Email: Body","E-mail: Corpo"
"Email: Send To","Email: Invia a"
"Email: Sender","E-mail: Mittente"
"Email: Subject","Email: Oggetto"
"Export: Path","Export: Path"
"Extra attribute position","Attributo position Extra"
"<![CDATA[ &nbsp; - ]]>Fill columns titlebar?","<![CDATA[ &nbsp; - ]]>Riempire le colonne barra del titolo?"
"Filter by supplier?","Filtra per fornitore?"
"<![CDATA[ &nbsp; - ]]>Filter order notes?","<![CDATA[ &nbsp; - ]]>Filtro note dell'ordine?"
"<![CDATA[ &nbsp; - ]]>Filter out some options?","<![CDATA[ &nbsp; - ]]>Filtra alcune opzioni?"
"Filter out some options?","Filtra alcune opzioni?"
"<![CDATA[ &nbsp; &nbsp; - ]]>Filter out these custom option SKUs :","<![CDATA[ &nbsp; &nbsp; - ]]>Filtra questi SKU opzioni personalizzate:"
"Filter out these custom option SKUs :","Filtra questi SKU opzioni personalizzate:"
"<![CDATA[ &nbsp; - ]]>Filter text (don't show notes containg this text)","<![CDATA[ &nbsp; - ]]>Testo del filtro (don note mostra t containg questo testo)"
"<![CDATA[ &nbsp; &nbsp; &nbsp; &nbsp; - ]]>Filter text (don't show notes containg this text)","<![CDATA[ &nbsp; &nbsp; &nbsp; &nbsp; - ]]>Testo del filtro (don note mostra t containg questo testo)"
"Filter/Split which PDFs?","Filtro / Split file PDF che?"
"Font size (Overall)","Dimensione del carattere (globale)"
"Font size (Product Lines)","Dimensione del carattere (Product Lines)"
"<![CDATA[ &nbsp; - ]]>Font size (Return address)","<![CDATA[ &nbsp; - ]]>Dimensione del carattere (indirizzo di ritorno)"
"<![CDATA[ &nbsp; - ]]>Font size (Shipping address)","<![CDATA[ &nbsp; - ]]>Dimensione del carattere (indirizzo di spedizione)"
"<![CDATA[ &nbsp; - ]]>Format product options?","<![CDATA[ &nbsp; - ]]>Opzioni di prodotto formato?"
"FTP host","FTP ospite"
"FTP password","FTP Password"
"FTP port","Porta FTP"
"FTP user","Utente FTP"
"General Options","Opzioni generali"
"Gift Message : Background Color","Regalo Messaggio: colore di sfondo"
"Gift Message : Color","Regalo Messaggio: Colore"
"Gift Message : Font","Regalo Messaggio: Font"
"Gift Message : Size","Regalo Messaggio: Formato"
"Gift Message : Style","Regalo Messaggio: Style"
"Group by Category?","Gruppo per categoria?"
"Group With Other Prints","Gruppo con altre stampe"
"<![CDATA[ &nbsp; - ]]>Header logo","<![CDATA[ &nbsp; - ]]>Intestazione logo"
"<![CDATA[ &nbsp; - ]]>Hide prices if a gift order?","<![CDATA[ &nbsp; - ]]>Nascondi i prezzi, se un ordine di regalo?"
"<![CDATA[ &nbsp; &nbsp; &nbsp; &nbsp; - ]]>Hide these groups :","<![CDATA[ &nbsp; &nbsp; &nbsp; &nbsp; - ]]>Nascondere questi gruppi:"
"Hide this' country name' :","Nascondi questo nome paese:"
"Horizontal bars : Background Color","Le barre orizzontali: colore di sfondo"
"<![CDATA[ &nbsp; - ]]>Image behind return address?","<![CDATA[ &nbsp; - ]]>Immagine dietro indirizzo di ritorno?"
"<![CDATA[ &nbsp; - ]]>Image behind ship address?","<![CDATA[ &nbsp; - ]]>Immagine dietro indirizzo nave?"
"<![CDATA[ &nbsp; - ]]>Image border color","<![CDATA[ &nbsp; - ]]>Immagine colore del bordo"
"<![CDATA[ &nbsp; &nbsp; &nbsp; - ]]>Image file","<![CDATA[ &nbsp; &nbsp; &nbsp; - ]]>File di immagine"
"<![CDATA[ &nbsp; &nbsp; &nbsp; &nbsp; - ]]>Image file","<![CDATA[ &nbsp; &nbsp; &nbsp; &nbsp; - ]]>File di immagine"
"<![CDATA[ &nbsp; &nbsp; &nbsp; - ]]>Image position nudge","<![CDATA[ &nbsp; &nbsp; &nbsp; - ]]>Immagine posizione nudge"
"<![CDATA[ &nbsp; &nbsp; &nbsp; &nbsp; - ]]>Image position nudge","<![CDATA[ &nbsp; &nbsp; &nbsp; &nbsp; - ]]>Immagine posizione nudge"
"Images column title","Immagini colonna titolo"
"Include customer phone in addresses?","Includi telefono cliente in indirizzi?"
"Include order notes?","Includere note dell'ordine?"
"Include shipping country in addresses?","Includi paese di spedizione in indirizzi?"
"<![CDATA[ &nbsp; - ]]>Invert some of the title colors...","<![CDATA[ &nbsp; - ]]>Invertire alcuni dei colori del titolo ..."
"Invoice Address","Indirizzo di fatturazione"
"Invoice Options","Opzioni di fattura"
"Item count","Articolo conteggio"
"Items column title","Articoli colonna titolo"
"<![CDATA[ &nbsp; - ]]>Label height","<![CDATA[ &nbsp; - ]]>Altezza etichetta"
"<![CDATA[ &nbsp; - ]]>Label padding","<![CDATA[ &nbsp; - ]]>Etichetta imbottitura"
"<![CDATA[ &nbsp; - ]]>Label width","<![CDATA[ &nbsp; - ]]>Etichetta larghezza"
"<![CDATA[ &nbsp; - ]]>Line above fixed footer image?","<![CDATA[ &nbsp; - ]]>Linea fissa sopra footer image?"
"<![CDATA[ &nbsp; - ]]>Lock image to page base?","<![CDATA[ &nbsp; - ]]>Blocco immagine alla base pagina?"
"<![CDATA[ &nbsp; - ]]>Logo position","<![CDATA[ &nbsp; - ]]>Logo posizione"
"<![CDATA[ &nbsp; - ]]>Match shipping description :","<![CDATA[ &nbsp; - ]]>Trova descrizione spedizione:"
"<![CDATA[ &nbsp; - ]]>Max dimensions","<![CDATA[ &nbsp; - ]]>Dimensioni max"
"<![CDATA[ &nbsp; &nbsp; &nbsp; &nbsp; - ]]>Max weight per box","<![CDATA[ &nbsp; &nbsp; &nbsp; &nbsp; - ]]>Peso massimo per scatola"
"Middle of page","Centro della pagina"
"Minimum stock qty","Magazzino quantità minima"
"Moogento","Moogento"
"No of Items per page","Numero di prodotti per pagina"
"<![CDATA[ &nbsp; - ]]>Nudge' Packed by' note","<![CDATA[ &nbsp; - ]]>Nudge Imballato dalla nota"
"<![CDATA[ &nbsp; &nbsp; &nbsp; &nbsp; - ]]>Nudge 2nd custom title","<![CDATA[ &nbsp; &nbsp; &nbsp; &nbsp; - ]]>Nudge secondo titolo personalizzato"
"<![CDATA[ &nbsp; - ]]>Nudge background image","<![CDATA[ &nbsp; - ]]>Sposta immagine di sfondo"
"<![CDATA[ &nbsp; - ]]>Nudge fixed image","<![CDATA[ &nbsp; - ]]>Sposta immagine fissa"
"<![CDATA[ &nbsp; - ]]>Nudge gift message","<![CDATA[ &nbsp; - ]]>Sposta messaggio regalo"
"<![CDATA[ &nbsp; - ]]>Nudge image","<![CDATA[ &nbsp; - ]]>Sposta immagine"
"<![CDATA[ &nbsp; - ]]>Nudge order notes","<![CDATA[ &nbsp; - ]]>Spingi note dell'ordine"
"<![CDATA[ &nbsp; &nbsp; &nbsp; &nbsp; - ]]>Nudge order notes","<![CDATA[ &nbsp; &nbsp; &nbsp; &nbsp; - ]]>Spingi note dell'ordine"
"<![CDATA[ &nbsp; - ]]>Nudge product line","<![CDATA[ &nbsp; - ]]>Sposta linea di prodotti"
"<![CDATA[ &nbsp; - ]]>Nudge return address","<![CDATA[ &nbsp; - ]]>Spingi indirizzo di ritorno"
"<![CDATA[ &nbsp; - ]]>Nudge return label","<![CDATA[ &nbsp; - ]]>Spingi etichetta di restituzione"
"Nudge shelving","Spingi scaffalature"
"<![CDATA[ &nbsp; - ]]>Nudge shipping address","<![CDATA[ &nbsp; - ]]>Spingi indirizzo di spedizione"
"Nudge shipping address","Spingi indirizzo di spedizione"
"Order Attribute","Ordine attributo"
"<![CDATA[ &nbsp; &nbsp; - ]]>Order attribute code","<![CDATA[ &nbsp; &nbsp; - ]]>Ordine attributo code"
"<![CDATA[ &nbsp; &nbsp; &nbsp; &nbsp; - ]]>Order attribute code","<![CDATA[ &nbsp; &nbsp; &nbsp; &nbsp; - ]]>Ordine attributo code"
"Order Attribute Value","Ordine valore attributo"
"Order date X-pos.","Ordina Data di X-pos."
"Order ID (Footer) X-pos.","ID ordine (piè di pagina) X-pos."
"Order ID X-pos.","ID ordine X-pos."
"<![CDATA[ &nbsp; - ]]>Order of subtotals","<![CDATA[ &nbsp; - ]]>Ordine di subtotali"
"Order-combined Pick List Options","Ordine combinato opzioni contenute nell'elenco"
"Order-separated Pick List Options","Ordina separati opzioni contenute nell'elenco"
"Orders with In Stock Items Only","Gli ordini con Solo articoli in magazzino"
"Output as PDF or CSV?","Output in formato PDF o CSV?"
"Output Excel XML file (instead of CSV)","Excel file di output XML (invece di CSV)"
"<![CDATA[ &nbsp; - ]]>Override' Minimum stock qty'","<![CDATA[ &nbsp; - ]]>Ignora quantità minima di magazzino"
"Override default address formatting?","Ignora indirizzo formattazione predefinita?"
"Packing Sheet Options","Imballaggio Opzioni fogli"
"Packing Sheet Products : Separating Line Color","Imballaggio Prodotti in fogli: Colore linea di separazione"
"Packing Sheet Products : Separating Vertical Line Color","Imballaggio Prodotti in fogli: Separazione colore Vertical Line"
"Page 1 Product-lines cutoff Y-pos","Pagina 1 Prodotto linee di taglio Y-pos"
"Page Body : Color","Corpo della pagina: Colore"
"Page Body : Font","Page Body: Font"
"Page Body : Size","Corpo della pagina: Dimensione"
"Page Body : Style","Corpo pagina: Stile"
"<![CDATA[ &nbsp; - ]]>Page padding","<![CDATA[ &nbsp; - ]]>Ovattato"
"Page size","Dimensioni pagina"
"Page template :","Pagina modello:"
"Page title : Color","Titolo della pagina: Colore"
"Page title : Font","Titolo della pagina: Font"
"Page title : Size","Titolo della pagina: Dimensione"
"Page title : Style","Titolo della pagina: Stile"
"<![CDATA[ &nbsp; &nbsp; &nbsp; &nbsp; - ]]>Pallet' go' weight","<![CDATA[ &nbsp; &nbsp; &nbsp; &nbsp; - ]]>Pallet go peso"
"Paper height","Altezza carta"
"<![CDATA[ &nbsp; - ]]>Paper margins","<![CDATA[ &nbsp; - ]]>Carta margini"
"Paper width","Larghezza carta"
"PDF/CSV Out-of-stock List Options","PDF / CSV out-of-stock lista delle opzioni"
"pickPack","pickPack"
"pickPack Validation Key","pickPack convalida chiave"
"<![CDATA[ &nbsp; - ]]>Position custom text box","<![CDATA[ &nbsp; - ]]>Posizione casella di testo personalizzato"
"<![CDATA[ &nbsp; - ]]>Position of notes :","<![CDATA[ &nbsp; - ]]>Posizione delle note:"
"Position of shelving info","Posizione di scaffalatura informazioni"
"Pre-cells","Pre-cellule"
"Price column title","Prezzo colonna titolo"
"Price X-pos.","Prezzo X-pos."
"Print Condition","Stampa Condizioni"
"<![CDATA[ &nbsp; &nbsp; &nbsp; &nbsp; - ]]>'Product images' column","<![CDATA[ &nbsp; &nbsp; &nbsp; &nbsp; - ]]> Immagini dei prodotti della colonna"
"<![CDATA[ &nbsp; - ]]>Product list sort direction :","<![CDATA[ &nbsp; - ]]>Elenco prodotti direzione di ordinamento:"
"Product list sort direction :","Elenco prodotti direzione di ordinamento:"
"<![CDATA[ &nbsp; &nbsp; &nbsp; &nbsp; - ]]>'Product name' column","<![CDATA[ &nbsp; &nbsp; &nbsp; &nbsp; - ]]> Nome del prodotto della colonna"
"Product name position","Nome del prodotto posizione"
"Product name X-pos.","Nome del prodotto X-pos."
"Product names or attributes contain non-roman characters?","I nomi dei prodotti o attributi contengono caratteri non latini?"
"Product Options : Size","Opzioni del prodotto: Taglia"
"<![CDATA[ &nbsp; &nbsp; &nbsp; &nbsp; - ]]>'Qty' column","<![CDATA[ &nbsp; &nbsp; &nbsp; &nbsp; - ]]> Qtà colonna"
"Qty column title","Qtà colonna titolo"
"Qty X-pos.","Qtà X-pos."
"<![CDATA[ &nbsp; - ]]>Return address","<![CDATA[ &nbsp; - ]]>Indirizzo del mittente"
"<![CDATA[ &nbsp; - ]]>return address - Default","<![CDATA[ &nbsp; - ]]>indirizzo di ritorno - default"
"<![CDATA[ &nbsp; - ]]>return address - Group 1","<![CDATA[ &nbsp; - ]]>indirizzo di ritorno - Gruppo 1"
"<![CDATA[ &nbsp; - ]]>return address - Group 2","<![CDATA[ &nbsp; - ]]>indirizzo di ritorno - Gruppo 2"
"<![CDATA[ &nbsp; - ]]>return address - Group 3","<![CDATA[ &nbsp; - ]]>indirizzo di ritorno - Gruppo 3"
"<![CDATA[ &nbsp; - ]]>Return Address Label : Color","<![CDATA[ &nbsp; - ]]>Ritorno Etichetta Indirizzo: Colore"
"<![CDATA[ &nbsp; - ]]>Return Address Label : Font","<![CDATA[ &nbsp; - ]]>Indirizzo Etichetta di ritorno: Font"
"<![CDATA[ &nbsp; - ]]>Return Address Label : Size","<![CDATA[ &nbsp; - ]]>Ritorno Etichetta Indirizzo: Formato"
"<![CDATA[ &nbsp; - ]]>Return Address Label : Style","<![CDATA[ &nbsp; - ]]>Ritorno Etichetta Indirizzo: Style"
"Round cost by ? decimal places","Intorno costo di? decimali"
"Round weight by ? decimal places","Intorno peso? decimali"
"Select Order Attribute To Update","Selezionare attributo al fine di aggiornare"
"Set Internal Printed Flag?","Impostare interno Bandiera stampata?"
"Set the currency symbol","Per impostare il simbolo di valuta"
"Shelving attribute","Scaffalature attributo"
"Shelving position","Scaffalature posizione"
"<![CDATA[ &nbsp; &nbsp; &nbsp; &nbsp; - ]]>'ship-address' and' bill-address' column format","<![CDATA[ &nbsp; &nbsp; &nbsp; &nbsp; - ]]> nave-indirizzo e-bill indirizzo formato colonna"
"Shipping Address","Indirizzo di spedizione"
"<![CDATA[ &nbsp; - ]]>Shipping address padding","<![CDATA[ &nbsp; - ]]>Indirizzo di spedizione imbottitura"
"<![CDATA[ &nbsp; - ]]>Shipping address title","<![CDATA[ &nbsp; - ]]>Indirizzo di spedizione del titolo"
"<![CDATA[ &nbsp; - ]]>Shipping Image #1","<![CDATA[ &nbsp; - ]]>Spese di spedizione Immagine # 1"
"<![CDATA[ &nbsp; - ]]>Shipping Image #2","<![CDATA[ &nbsp; - ]]>Spese di spedizione Immagine # 2"
"<![CDATA[ &nbsp; - ]]>Shipping Image #3","<![CDATA[ &nbsp; - ]]>Spese di spedizione Immagine # 3"
"Shipping/Billing Title : Style","Spese di spedizione / fatturazione Titolo: Style"
"<![CDATA[ &nbsp; - ]]>Show' Message B' for this group :","<![CDATA[ &nbsp; - ]]>Mostra B Messaggio per questo gruppo:"
"Show' Packed by' note?","Mostra Imballato dalla nota?"
"Show' total item count'?","Mostra conteggio totale oggetto?"
"Show' total order count'?","Mostra conteggio totale ordine?"
"Show' total paid'?","Mostra totale versato?"
"Show' total shipping paid'?","Mostra trasporto totale pagato?"
"<![CDATA[ &nbsp; - ]]>Show #Order or #Invoice","<![CDATA[ &nbsp; - ]]>Mostra # # Ordine o Fattura"
"<![CDATA[ &nbsp; - ]]>Show 2nd attribute?","<![CDATA[ &nbsp; - ]]>Mostra attributo 2 ° tempo?"
"<![CDATA[ &nbsp; - ]]>Show 2nd order custom attribute?","<![CDATA[ &nbsp; - ]]>Mostra secondo attributo personalizzato ordine?"
"<![CDATA[ &nbsp; - ]]>Show 3rd attribute?","<![CDATA[ &nbsp; - ]]>Mostra attributo 3?"
"Show advanced options?","Mostra opzioni avanzate?"
"<![CDATA[ &nbsp; - ]]>Show another attribute?","<![CDATA[ &nbsp; - ]]>Mostra un altro attributo?"
"Show another attribute?","Mostra un altro attributo?"
"Show BetaBoxes?","Mostra BetaBoxes?"
"Show billing address at top?","Inserisci indirizzo di fatturazione in alto?"
"<![CDATA[ &nbsp; - ]]>Show Box 1?","<![CDATA[ &nbsp; - ]]>Mostra Riquadro 1?"
"<![CDATA[ &nbsp; - ]]>Show Box 2?","<![CDATA[ &nbsp; - ]]>Mostra Box 2?"
"<![CDATA[ &nbsp; - ]]>Show Box 3?","<![CDATA[ &nbsp; - ]]>Mostra riquadro 3?"
"<![CDATA[ &nbsp; - ]]>Show box estimation?","<![CDATA[ &nbsp; - ]]>Mostra stima scatola?"
"Show cost subtotal?","Mostra costo subtotale?"
"Show custom product attribute?","Mostra attributo personalizzato prodotto?"
"Show custom product options?","Mostra opzioni di prodotto personalizzate?"
"Show customer email?","Mostra e-mail del cliente?"
"<![CDATA[ &nbsp; - ]]>Show customer group?","<![CDATA[ &nbsp; - ]]>Mostra gruppo di clienti?"
"<![CDATA[ &nbsp; - ]]>Show customer ID?","<![CDATA[ &nbsp; - ]]>Mostra ID cliente?"
"Show customer phone?","Mostra telefono del cliente?"
"<![CDATA[ &nbsp; - ]]>Show customer VAT number?","<![CDATA[ &nbsp; - ]]>Mostra numero di partita IVA del cliente?"
"Show date printed?","Mostra data stampata?"
"<![CDATA[ &nbsp; - ]]>Show deadline text / date?","<![CDATA[ &nbsp; - ]]>Mostra testo scadenza / data?"
"<![CDATA[ &nbsp; - ]]>Show discounts where?","<![CDATA[ &nbsp; - ]]>Mostra sconti dove?"
"Show extended info line?","Mostra linea estesa informazioni?"
"Show extra shipping details?","Mostra tutti i dettagli di spedizione extra?"
"Show gift message?","Mostra messaggio regalo?"
"<![CDATA[ &nbsp; - ]]>Show items count?","<![CDATA[ &nbsp; - ]]>Mostra numero di articoli?"
"Show logo on Pick Lists?","Mostra logo delle liste di selezione?"
"Show name?","Mostra nome?"
"<![CDATA[ &nbsp; - ]]>Show order custom attribute?","<![CDATA[ &nbsp; - ]]>Mostra attributo personalizzato ordine?"
"<![CDATA[ &nbsp; - ]]>Show order ID above address?","<![CDATA[ &nbsp; - ]]>Mostra ID ordine all'indirizzo?"
"Show Order ID barcode?","Mostra ID codice a barre ordine?"
"Show order ID barcodes?","Mostra codici a barre ID ordine?"
"Show Order IDs?","Mostra ID ordine?"
"<![CDATA[ &nbsp; - ]]>Show payment method?","<![CDATA[ &nbsp; - ]]>Mostra il metodo di pagamento?"
"Show phone numbers?","Mostra numeri di telefono?"
"Show prices?","Mostra prezzi?"
"Show product images?","Mostra le immagini dei prodotti?"
"Show product name?","Mostra il nome del prodotto?"
"Show product names?","Mostra i nomi dei prodotti?"
"Show product options?","Mostra opzioni di prodotto?"
"Show product sku barcode?","Mostra codice a barre del prodotto sku?"
"Show product sku?","Mostra prodotto sku?"
"<![CDATA[ &nbsp; - ]]>Show purchase order #?","<![CDATA[ &nbsp; - ]]>Mostra # ordine di acquisto?"
"Show shelving info?","Mostra scaffalature informazioni?"
"Show shipping address at top?","Mostra indirizzo di spedizione in alto?"
"Show shipping address?","Mostra indirizzo di spedizione?"
"<![CDATA[ &nbsp; - ]]>Show shipping carrier?","<![CDATA[ &nbsp; - ]]>Mostra spedizioniere?"
"Show shipping method?","Mostra metodo di spedizione?"
"Show SKU?","Mostra SKU?"
"Show specific attribute?","Mostra attributo specifico?"
"<![CDATA[ &nbsp; - ]]>Show stock alert below...","<![CDATA[ &nbsp; - ]]>Mostra avviso stock risulta inferiore ..."
"Show stock alert below...","Mostra avviso stock risulta inferiore ..."
"Show stock alerts?","Mostra avvisi di archivi fotografici?"
"<![CDATA[ &nbsp; &nbsp; &nbsp; &nbsp; - ]]>Show tax breakdown?","<![CDATA[ &nbsp; &nbsp; &nbsp; &nbsp; - ]]>Mostra ripartizione fiscale?"
"<![CDATA[ &nbsp; - ]]>Show tax separately?","<![CDATA[ &nbsp; - ]]>Mostra fiscale separatamente?"
"<![CDATA[ &nbsp; - ]]>Show total weight?","<![CDATA[ &nbsp; - ]]>Mostra peso totale?"
"<![CDATA[ &nbsp; - ]]>Show which date?","<![CDATA[ &nbsp; - ]]>Mostra quale data?"
"Show which value for configurable product names?","Mostra che il valore per i nomi dei prodotti configurabili?"
"Show which value for product names?","Mostra che il valore per i nomi dei prodotti?"
"<![CDATA[ &nbsp; - ]]>Show Zipcode barcode?","<![CDATA[ &nbsp; - ]]>Mostra di codici a barre codice di avviamento postale?"
"Size attribute","Dimensione attributo"
"Size X-pos.","Dimensione X-pos."
"<![CDATA[ &nbsp; &nbsp; &nbsp; &nbsp; - ]]>'SKU' column","<![CDATA[ &nbsp; &nbsp; &nbsp; &nbsp; - ]]> SKU colonna"
"SKU Barcode column title","Codice a barre titolo della colonna"
"SKU column title","SKU colonna titolo"
"SKU position","SKU posizione"
"SKU X-pos.","SKU X-pos."
"Sort direction :","Direzione di ordinamento:"
"Sort items by :","Articoli per:"
"<![CDATA[ &nbsp; - ]]>Sort product lists by :","<![CDATA[ &nbsp; - ]]>Elenchi di prodotti Ordina per:"
"Sort product lists by :","Elenchi di prodotti Ordina per:"
"Sort product lists?","Elenchi di prodotti Ordina?"
"Start overflow pages where?","Inizio pagine di overflow dove?"
"Status","Stato"
"Stock Filter","Archivio Filtro"
"<![CDATA[ &nbsp; &nbsp; &nbsp; &nbsp; - ]]>'Stock warning' column","<![CDATA[ &nbsp; &nbsp; &nbsp; &nbsp; - ]]> Archivio avvertimento colonna"
"Subheadings : Color","Sottotitoli: Colore"
"Subheadings : Font","Sottotitoli: Font"
"Subheadings : Size","Sottotitoli: Dimensione"
"Subheadings : Style","Sottotitoli: Style"
"Supplier' login'","Fornitore di accesso"
"Supplier attribute","Fornitore attributo"
"Supplier options","Fornitore opzioni"
"Supplier username:suppliername","Fornitore username: NomeFornitore"
"Tax column title","Tasse colonna titolo"
"<![CDATA[ &nbsp; &nbsp; &nbsp; &nbsp; - ]]>'Tick boxes' next to item SKUs?","<![CDATA[ &nbsp; &nbsp; &nbsp; &nbsp; - ]]> Spuntare le caselle accanto a SKU articolo?"
"Time","Tempo"
"<![CDATA[ &nbsp; - ]]>Titles position","<![CDATA[ &nbsp; - ]]>Titoli posizione"
"<![CDATA[ &nbsp; - ]]>Top address padding","<![CDATA[ &nbsp; - ]]>Indirizzo imbottitura Top"
"Top of page","Inizio pagina"
"Total price column title","Prezzo totale titolo della colonna"
"Truncate items to fit in columns?","Tronca elementi per adattarsi in colonne?"
"<![CDATA[ &nbsp; - ]]>Under product-list message","<![CDATA[ &nbsp; - ]]>Sotto prodotto nell'elenco dei messaggi"
"<![CDATA[ &nbsp; - ]]>Under product-list Message A","<![CDATA[ &nbsp; - ]]>Sotto prodotto Lista messaggi A"
"<![CDATA[ &nbsp; - ]]>Under product-list Message B","<![CDATA[ &nbsp; - ]]>Sotto Lista dei prodotti B Messaggio"
"Update Order Attribute","Aggiorna Attributo ordine"
"Upsize + bold qty, if qty = 2+","Upsize & qty grassetto se quantità = 2 +"
"<![CDATA[ &nbsp; - ]]>Use which image?","<![CDATA[ &nbsp; - ]]>Utilizzare quale immagine?"
"Value","Valore"
"Weight multiplier","Peso moltiplicatore"
"<![CDATA[ &nbsp; &nbsp; &nbsp; &nbsp; - ]]>Weight unit:","<![CDATA[ &nbsp; &nbsp; &nbsp; &nbsp; - ]]>Unità di peso:"
"<![CDATA[ &nbsp; &nbsp; &nbsp; &nbsp; - ]]>What is your word for' tax'?","<![CDATA[ &nbsp; &nbsp; &nbsp; &nbsp; - ]]>Qual è la tua parola d'imposta?"
"<![CDATA[ &nbsp; &nbsp; - ]]>X days after printing date?","<![CDATA[ &nbsp; &nbsp; - ]]>X giorni dopo la data di stampa?"
"X-Pos. attr. 2","X-Pos. attr. 2"
"X-Pos. attr. 2 (+ prices col)","X-Pos. attr. 2 (+ col prezzo)"
"<![CDATA[ &nbsp; - ]]>X-Pos. attr. 2 (+ prices, tax cols)","<![CDATA[ &nbsp; - ]]>X-Pos. attr. 2 (+ prezzi, tasse cols)"
"X-Pos. attr. 3","X-Pos. attr. 3"
"X-Pos. attr. 3 (+ prices col)","X-Pos. attr. 3 (+ col prezzo)"
"<![CDATA[ &nbsp; - ]]>X-Pos. attr. 3 (+ prices, tax cols)","<![CDATA[ &nbsp; - ]]>X-Pos. attr. 3 (+ prezzi, tasse cols)"
"X-Pos. custom product options","X-Pos. opzioni di prodotto personalizzate"
"<![CDATA[ &nbsp; - ]]>X-Pos. custom product options (+ prices col)","<![CDATA[ &nbsp; - ]]>X-Pos. opzioni di prodotto personalizzate (+ col prezzi)"
"<![CDATA[ &nbsp; - ]]>X-Pos. custom product options (+ prices, tax cols)","<![CDATA[ &nbsp; - ]]>X-Pos. opzioni di prodotto personalizzate (+ prezzi, tasse cols)"
"<![CDATA[ &nbsp; - ]]>X-Pos. date","<![CDATA[ &nbsp; - ]]>X-Pos. data"
"X-Pos. images","X-Pos. immagini"
"X-Pos. images (+ prices col)","X-Pos. immagini (+ col prezzi)"
"<![CDATA[ &nbsp; - ]]>X-Pos. images (+ prices, tax cols)","<![CDATA[ &nbsp; - ]]>X-Pos. immagini (+ prezzi, tasse cols)"
"X-Pos. name","X-Pos. nome"
"X-Pos. name (+ prices col)","X-Pos. Nome (+ prezzi col)"
"<![CDATA[ &nbsp; - ]]>X-Pos. name (+ prices, tax cols)","<![CDATA[ &nbsp; - ]]>X-Pos. Nome (+ prezzi, tasse cols)"
"X-Pos. qty","X-Pos. qty"
"X-Pos. qty (+ prices col)","X-Pos. quantità (+ col prezzo)"
"<![CDATA[ &nbsp; - ]]>X-Pos. qty (+ prices, tax cols)","<![CDATA[ &nbsp; - ]]>X-Pos. quantità (+ prezzi, tasse cols)"
"X-Pos. shelf","X-Pos. scaffale"
"X-Pos. shelf (+ prices col)","X-Pos. mensola (+ prezzi col)"
"<![CDATA[ &nbsp; - ]]>X-Pos. shelf (+ prices, tax cols)","<![CDATA[ &nbsp; - ]]>X-Pos. mensola (+ prezzi, tasse cols)"
"X-Pos. sku","X-Pos. sku"
"X-Pos. sku (+ prices col)","X-Pos. sku (+ col prezzo)"
"<![CDATA[ &nbsp; - ]]>X-Pos. sku (+ prices, tax cols)","<![CDATA[ &nbsp; - ]]>X-Pos. sku (+ prezzi, tasse cols)"
"X-Pos. SKU barcode","X-Pos. SKU di codici a barre"
"X-Pos. SKU barcode (+ prices col)","X-Pos. Codice a barre (+ col prezzo)"
"<![CDATA[ &nbsp; - ]]>X-Pos. SKU barcode (+ prices, tax cols)","<![CDATA[ &nbsp; - ]]>X-Pos. Codice a barre (+ prezzi, tasse cols)"
"X-Pos. tickbox","X-Pos. tickbox"
"X-Pos. tickbox (+ prices col)","X-Pos. tickbox (+ col prezzo)"
"<![CDATA[ &nbsp; - ]]>X-Pos. tickbox (+ prices, tax cols)","<![CDATA[ &nbsp; - ]]>X-Pos. tickbox (+ prezzi, tasse cols)"
"X-Pos. total price","X-Pos. prezzo totale"
"<![CDATA[ &nbsp; - ]]>X-Pos. total price (+ tax col)","<![CDATA[ &nbsp; - ]]>X-Pos. prezzo totale (tasse + col)"
"X-Pos. unit price","X-Pos. prezzo unitario"
"<![CDATA[ &nbsp; - ]]>X-Pos. unit price (+ tax col)","<![CDATA[ &nbsp; - ]]>X-Pos. Prezzo unitario (IVA + col)"
"X-Pos. unit tax","X-Pos. Unità d'imposta"
"XML/CSV Cargo Packing Sheet","XML / CSV Cargo Foglio di imballaggio"
