"<![CDATA[ &nbsp; &nbsp; &nbsp; &nbsp; - ]]>2a Shipmethod match","2a partida Shipmethod"
"<![CDATA[ &nbsp; &nbsp; &nbsp; &nbsp; - ]]>2b Shipmethod match","<![CDATA[ &nbsp; &nbsp; &nbsp; &nbsp; - ]]>Jogo Shipmethod 2b"
"<![CDATA[ &nbsp; &nbsp; &nbsp; &nbsp; - ]]>2c Shipmethod match","<![CDATA[ &nbsp; &nbsp; &nbsp; &nbsp; - ]]>2c jogo Shipmethod"
"<![CDATA[ &nbsp; &nbsp; &nbsp; &nbsp; - ]]>2d Country negative match","<![CDATA[ &nbsp; &nbsp; &nbsp; &nbsp; - ]]>Partida País 2d negativo"
"<![CDATA[ &nbsp; &nbsp; &nbsp; &nbsp; - ]]>2nd Custom page title","<![CDATA[ &nbsp; &nbsp; &nbsp; &nbsp; - ]]>Título da página 2 personalizado"
"<![CDATA[ &nbsp; &nbsp; - ]]>2nd Order attribute code","<![CDATA[ &nbsp; &nbsp; - ]]>Código de atributo 2 Ordem"
"<![CDATA[ &nbsp; &nbsp; &nbsp; &nbsp; - ]]>2nd Order attribute code","<![CDATA[ &nbsp; &nbsp; &nbsp; &nbsp; - ]]>Código de atributo 2 Ordem"
"Add 2nd shipping-type image?","Adicionar imagem transporte do tipo 2?"
"Add 3rd shipping-type image?","Adicionar imagem transporte do tipo 3?"
"<![CDATA[ &nbsp; - ]]>Add a 2nd page title?","<![CDATA[ &nbsp; - ]]>Adicionar um título de página 2?"
"Add company address to header?","Adicione o endereço da empresa para cabeçalho?"
"Add header logo?","Adicione o logotipo do cabeçalho?"
"Add image background to label?","Adicionar imagem de fundo a etiqueta?"
"<![CDATA[ &nbsp; - ]]>Add Order ID barcode?","<![CDATA[ &nbsp; - ]]>Adicionar código de barras ID Ordem?"
"Add Order ID barcode?","Adicionar código de barras ID Ordem?"
"Add ordered qty to stock-needed qty?","Adicionar qty ordenou para estoque necessário qty?"
"Add return address at bottom?","Adicionar endereço do remetente no fundo?"
"Add return address?","Adicione o endereço de retorno?"
"Add shipping address at bottom?","Adicionar endereço de entrega no fundo?"
"Add shipping-type image?","Adicione o transporte do tipo de imagem?"
"Address format","Formato de endereço"
"Address label : Color","Etiqueta de endereço: Cor"
"Address label : Font","Etiqueta de endereço: Font"
"Address label : Size","Etiqueta de endereço: Tamanho"
"Address label : Style","Etiqueta de endereço: Estilo"
"Address-label Sheet Options","Endereço rótulo Opções da folha"
"Alternate row color","Cor de linha alternativa"
"<![CDATA[ &nbsp; - ]]>Attribute 1","<![CDATA[ &nbsp; - ]]>Atributo 1"
"<![CDATA[ &nbsp; &nbsp; &nbsp; &nbsp; - ]]>'Attribute 1' column","<![CDATA[ &nbsp; &nbsp; &nbsp; &nbsp; - ]]>Atributo 1 coluna"
"<![CDATA[ &nbsp; - ]]>Attribute 2","<![CDATA[ &nbsp; - ]]>Atributo 2"
"<![CDATA[ &nbsp; &nbsp; &nbsp; &nbsp; - ]]>'Attribute 2' column","<![CDATA[ &nbsp; &nbsp; &nbsp; &nbsp; - ]]>Atributo 2 coluna"
"<![CDATA[ &nbsp; - ]]>Attribute 3","<![CDATA[ &nbsp; - ]]>Atributo 3"
"<![CDATA[ &nbsp; &nbsp; &nbsp; &nbsp; - ]]>'Attribute 3' column","<![CDATA[ &nbsp; &nbsp; &nbsp; &nbsp; - ]]>Atributo 3 coluna"
"<![CDATA[ &nbsp; - ]]>Attribute code","<![CDATA[ &nbsp; - ]]>Código de atributo"
"<![CDATA[ &nbsp; &nbsp; &nbsp; &nbsp; - ]]>Attribute code","<![CDATA[ &nbsp; &nbsp; &nbsp; &nbsp; - ]]>Código de atributo"
"<![CDATA[ &nbsp; - ]]>Attribute column title","<![CDATA[ &nbsp; - ]]>Título da coluna atributo"
"<![CDATA[ &nbsp; &nbsp; &nbsp; &nbsp; - ]]>Attribute column title","<![CDATA[ &nbsp; &nbsp; &nbsp; &nbsp; - ]]>Título da coluna atributo"
"Attribute to show","Atributo para mostrar"
"<![CDATA[ &nbsp; - ]]>Attribute to sort by :","<![CDATA[ &nbsp; - ]]>Atributo para classificar por:"
"Attribute to sort by :","Atributo para classificar por:"
"Attribute to use as product name","Atributo para usar como o nome do produto"
"Auto Processing","Processamento Auto"
"<![CDATA[ &nbsp; - ]]>Background Image","<![CDATA[ &nbsp; - ]]>Imagem de Fundo"
"Barcode : Font","Código de Barras: Fonte"
"Barcode X-pos.","Barcode X-pos."
"<![CDATA[ &nbsp; - ]]>Billing address position","<![CDATA[ &nbsp; - ]]>Posição do endereço de faturamento"
"<![CDATA[ &nbsp; - ]]>Billing address posititon","<![CDATA[ &nbsp; - ]]>Posititon endereço de cobrança"
"<![CDATA[ &nbsp; - ]]>Billing address title","<![CDATA[ &nbsp; - ]]>Título endereço de cobrança"
"<![CDATA[ &nbsp; - ]]>Blank box image","<![CDATA[ &nbsp; - ]]>Imagem Caixa em branco"
"Bottom of page","Fim da página"
"<![CDATA[ &nbsp; &nbsp; &nbsp; &nbsp; - ]]>Box 1 Image","<![CDATA[ &nbsp; &nbsp; &nbsp; &nbsp; - ]]>Imagem de uma caixa"
"<![CDATA[ &nbsp; &nbsp; &nbsp; &nbsp; - ]]>Box 2a Image (Store Pickup)","<![CDATA[ &nbsp; &nbsp; &nbsp; &nbsp; - ]]>Imagem caixa de 2a (Captura de loja)"
"<![CDATA[ &nbsp; &nbsp; &nbsp; &nbsp; - ]]>Box 2b Image (Express Mail)","<![CDATA[ &nbsp; &nbsp; &nbsp; &nbsp; - ]]>Caixa 2b Imagem (Express Mail)"
"<![CDATA[ &nbsp; &nbsp; &nbsp; &nbsp; - ]]>Box 2c Image (Priority International)","<![CDATA[ &nbsp; &nbsp; &nbsp; &nbsp; - ]]>Caixa 2c Imagem (International Priority)"
"<![CDATA[ &nbsp; &nbsp; &nbsp; &nbsp; - ]]>Box 2d Image (Standard International)","<![CDATA[ &nbsp; &nbsp; &nbsp; &nbsp; - ]]>Caixa 2d Imagem (Norma)"
"<![CDATA[ &nbsp; &nbsp; &nbsp; &nbsp; - ]]>Box 3 Image","<![CDATA[ &nbsp; &nbsp; &nbsp; &nbsp; - ]]>Imagem de caixa 3"
"<![CDATA[ &nbsp; - ]]>Bring up top address?","<![CDATA[ &nbsp; - ]]>Traga o endereço de cima?"
"Capitalise shipping labels?","Capitalizar etiquetas de transporte?"
"Category translation","Tradução categoria"
"Color attribute","Atributo de cor"
"Color X-pos.","Cor X-pos."
"Column mapping","Mapeamento de coluna"
"Columns Y-X-pos.","Colunas Y-X-pos."
"<![CDATA[ &nbsp; &nbsp; &nbsp; &nbsp; - ]]>'Combined Packing Sheet/Invoice' grouped by Order ID?","<![CDATA[ &nbsp; &nbsp; &nbsp; &nbsp; - ]]> Combinado Embalagem Folha / Fatura agrupados por ID Ordem?"
"Comments","Comentários"
"<![CDATA[ &nbsp; - ]]>Company address","<![CDATA[ &nbsp; - ]]>Endereço da empresa"
"Company address : Color","Endereço da empresa: Cor"
"Company address : Font","Endereço da empresa: Fonte"
"Company address : Size","Endereço da empresa: Tamanho"
"Company address : Style","Endereço da empresa: Estilo"
"<![CDATA[ &nbsp; - ]]>Company address, Default","<![CDATA[ &nbsp; - ]]>Endereço da empresa Padrão,"
"<![CDATA[ &nbsp; - ]]>Company address, Group 1","<![CDATA[ &nbsp; - ]]>Endereço da empresa, Grupo 1"
"<![CDATA[ &nbsp; - ]]>Company address, Group 2","<![CDATA[ &nbsp; - ]]>Endereço da empresa, Grupo 2"
"<![CDATA[ &nbsp; - ]]>Company address, Group 3","<![CDATA[ &nbsp; - ]]>Endereço da empresa, Grupo 3"
"Condition","Condição"
"Cost (base) to (display) exchange rate","Custo (base) para (display) da taxa de câmbio"
"Cost currency prefix","Prefixo moeda custo"
"Cost multiplier","Multiplicador de custo"
"CSV (Order-combined Products) Options","CSV (Ordem combinados Produtos) Opções"
"CSV (Order-separated Products) Options","CSV (Ordem-separados Produtos) Opções"
"CSV (Orders) Options","CSV (Orders) Opções"
"CSV field separator","CSV separador de campo"
"<![CDATA[ &nbsp; - ]]>Custom font file","<![CDATA[ &nbsp; - ]]>Arquivo fonte personalizada"
"Custom Message : Background Color","Mensagem personalizada: Cor de Fundo"
"Custom Message : Color","Mensagem personalizada: Cor"
"Custom Message : Font","Mensagem personalizada: Fonte"
"Custom Message : Size","Mensagem personalizada: Tamanho"
"Custom Message : Style","Mensagem personalizada: Estilo"
"<![CDATA[ &nbsp; - ]]>Custom options column title","<![CDATA[ &nbsp; - ]]>Título da coluna personalizado opções"
"<![CDATA[ &nbsp; - ]]>Custom page title","<![CDATA[ &nbsp; - ]]>Título da página personalizada"
"<![CDATA[ &nbsp; - ]]>Custom text image","<![CDATA[ &nbsp; - ]]>Imagem de texto personalizada"
"Custom text under product list?","Texto personalizado com lista de produtos?"
"Custom Value","Valor personalizado"
"Customer Address X-pos.","Endereço do cliente X-pos."
"Customer Comments","Comentários de clientes"
"Customer ID (Footer) X-pos.","Identificação do cliente (rodapé) X-pos."
"Customer ID X-pos.","ID do cliente X-pos."
"Customer name X-pos.","Nome do cliente X-pos."
"Customize page title?","Personalize título da página?"
"Date format","Formato de data"
"Day","Dia"
"<![CDATA[ &nbsp; &nbsp; - ]]>Deadline text","<![CDATA[ &nbsp; &nbsp; - ]]>Prazo de texto"
"<![CDATA[ &nbsp; &nbsp; - ]]>Don't count these custom option SKUs :","<![CDATA[ &nbsp; &nbsp; - ]]>Don t contar estes SKUs de opções personalizadas:"
"Don't count these custom option SKUs :","Don t contar estes SKUs de opções personalizadas:"
"Double-line spacing?","Double-espaçamento entre linhas?"
"Email: Body","Email: Corpo"
"Email: Send To","E-mail: Enviar para"
"Email: Sender","E-mail: Remetente"
"Email: Subject","E-mail: Assunto"
"Export: Path","Exportação: Caminho"
"Extra attribute position","Posição atributo extra"
"<![CDATA[ &nbsp; - ]]>Fill columns titlebar?","<![CDATA[ &nbsp; - ]]>Preencha colunas barra de título?"
"Filter by supplier?","Filtrar por fornecedor?"
"<![CDATA[ &nbsp; - ]]>Filter order notes?","<![CDATA[ &nbsp; - ]]>Filtrar notas de encomenda?"
"<![CDATA[ &nbsp; - ]]>Filter out some options?","<![CDATA[ &nbsp; - ]]>Filtrar algumas opções?"
"Filter out some options?","Filtrar algumas opções?"
"<![CDATA[ &nbsp; &nbsp; - ]]>Filter out these custom option SKUs :","<![CDATA[ &nbsp; &nbsp; - ]]>Filtrar esses SKUs de opções personalizadas:"
"Filter out these custom option SKUs :","Filtrar esses SKUs de opções personalizadas:"
"<![CDATA[ &nbsp; - ]]>Filter text (don't show notes containg this text)","<![CDATA[ &nbsp; - ]]>Filtro de texto (notas don t mostram containg este texto)"
"<![CDATA[ &nbsp; &nbsp; &nbsp; &nbsp; - ]]>Filter text (don't show notes containg this text)","<![CDATA[ &nbsp; &nbsp; &nbsp; &nbsp; - ]]>Filtro de texto (notas don t mostram containg este texto)"
"Filter/Split which PDFs?","Filtrar / Dividir que PDFs?"
"Font size (Overall)","Tamanho da fonte (geral)"
"Font size (Product Lines)","Tamanho da fonte (Linhas de Produtos)"
"<![CDATA[ &nbsp; - ]]>Font size (Return address)","<![CDATA[ &nbsp; - ]]>Tamanho da fonte (endereço de retorno)"
"<![CDATA[ &nbsp; - ]]>Font size (Shipping address)","<![CDATA[ &nbsp; - ]]>Tamanho da fonte (endereço de envio)"
"<![CDATA[ &nbsp; - ]]>Format product options?","<![CDATA[ &nbsp; - ]]>Opções de produtos de formato?"
"FTP host","FTP anfitrião"
"FTP password","FTP senha"
"FTP port","Porta FTP"
"FTP user","Usuário FTP"
"General Options","Opções Gerais"
"Gift Message : Background Color","Mensagem de presente: Cor de Fundo"
"Gift Message : Color","Mensagem de presente: cores"
"Gift Message : Font","Mensagem de presente: Fonte"
"Gift Message : Size","Mensagem de presente: Tamanho"
"Gift Message : Style","Mensagem de presente: Estilo"
"Group by Category?","Grupo por categoria?"
"Group With Other Prints","Grupo com outras impressões"
"<![CDATA[ &nbsp; - ]]>Header logo","<![CDATA[ &nbsp; - ]]>O logotipo do cabeçalho"
"<![CDATA[ &nbsp; - ]]>Hide prices if a gift order?","<![CDATA[ &nbsp; - ]]>Esconder os preços se uma ordem de presente?"
"<![CDATA[ &nbsp; &nbsp; &nbsp; &nbsp; - ]]>Hide these groups :","<![CDATA[ &nbsp; &nbsp; &nbsp; &nbsp; - ]]>Ocultar esses grupos:"
"Hide this' country name' :","Ocultar esse nome país:"
"Horizontal bars : Background Color","Barras horizontais: cor de fundo"
"<![CDATA[ &nbsp; - ]]>Image behind return address?","<![CDATA[ &nbsp; - ]]>Imagem atrás endereço de retorno?"
"<![CDATA[ &nbsp; - ]]>Image behind ship address?","<![CDATA[ &nbsp; - ]]>Imagem atrás endereço de navio?"
"<![CDATA[ &nbsp; - ]]>Image border color","<![CDATA[ &nbsp; - ]]>Cor da borda da imagem"
"<![CDATA[ &nbsp; &nbsp; &nbsp; - ]]>Image file","<![CDATA[ &nbsp; &nbsp; &nbsp; - ]]>Arquivo de imagem"
"<![CDATA[ &nbsp; &nbsp; &nbsp; &nbsp; - ]]>Image file","<![CDATA[ &nbsp; &nbsp; &nbsp; &nbsp; - ]]>Arquivo de imagem"
"<![CDATA[ &nbsp; &nbsp; &nbsp; - ]]>Image position nudge","<![CDATA[ &nbsp; &nbsp; &nbsp; - ]]>Cutucada posição da imagem"
"<![CDATA[ &nbsp; &nbsp; &nbsp; &nbsp; - ]]>Image position nudge","<![CDATA[ &nbsp; &nbsp; &nbsp; &nbsp; - ]]>Cutucada posição da imagem"
"Images column title","Imagens título da coluna"
"Include customer phone in addresses?","Incluir telefone do cliente em endereços?"
"Include order notes?","Incluir notas de encomenda?"
"Include shipping country in addresses?","Incluir país de envio de endereços?"
"<![CDATA[ &nbsp; - ]]>Invert some of the title colors...","<![CDATA[ &nbsp; - ]]>Inverter algumas das cores título ..."
"Invoice Address","Endereço fatura"
"Invoice Options","Opções de fatura"
"Item count","Contagem de itens"
"Items column title","Itens título da coluna"
"<![CDATA[ &nbsp; - ]]>Label height","<![CDATA[ &nbsp; - ]]>Altura da etiqueta"
"<![CDATA[ &nbsp; - ]]>Label padding","<![CDATA[ &nbsp; - ]]>Preenchimento rótulo"
"<![CDATA[ &nbsp; - ]]>Label width","<![CDATA[ &nbsp; - ]]>Largura da etiqueta"
"<![CDATA[ &nbsp; - ]]>Line above fixed footer image?","<![CDATA[ &nbsp; - ]]>Linha acima rodapé imagem fixa?"
"<![CDATA[ &nbsp; - ]]>Lock image to page base?","<![CDATA[ &nbsp; - ]]>Bloquear imagem para a base da página?"
"<![CDATA[ &nbsp; - ]]>Logo position","<![CDATA[ &nbsp; - ]]>Logo posição"
"<![CDATA[ &nbsp; - ]]>Match shipping description :","<![CDATA[ &nbsp; - ]]>Corresponde à descrição de envio:"
"<![CDATA[ &nbsp; - ]]>Max dimensions","<![CDATA[ &nbsp; - ]]>Dimensões Max."
"<![CDATA[ &nbsp; &nbsp; &nbsp; &nbsp; - ]]>Max weight per box","<![CDATA[ &nbsp; &nbsp; &nbsp; &nbsp; - ]]>Peso máximo por caixa"
"Middle of page","Meio da página"
"Minimum stock qty","Qty estoque mínimo"
"Moogento","Moogento"
"No of Items per page","N º de itens por página"
"<![CDATA[ &nbsp; - ]]>Nudge' Packed by' note","<![CDATA[ &nbsp; - ]]>Deslocar Embalado por nota"
"<![CDATA[ &nbsp; &nbsp; &nbsp; &nbsp; - ]]>Nudge 2nd custom title","<![CDATA[ &nbsp; &nbsp; &nbsp; &nbsp; - ]]>Deslocar título personalizado 2"
"<![CDATA[ &nbsp; - ]]>Nudge background image","<![CDATA[ &nbsp; - ]]>Deslocar imagem de fundo"
"<![CDATA[ &nbsp; - ]]>Nudge fixed image","<![CDATA[ &nbsp; - ]]>Deslocar imagem fixa"
"<![CDATA[ &nbsp; - ]]>Nudge gift message","<![CDATA[ &nbsp; - ]]>Deslocar mensagem de presente"
"<![CDATA[ &nbsp; - ]]>Nudge image","<![CDATA[ &nbsp; - ]]>Deslocar imagem"
"<![CDATA[ &nbsp; - ]]>Nudge order notes","<![CDATA[ &nbsp; - ]]>Deslocar notas de encomenda"
"<![CDATA[ &nbsp; &nbsp; &nbsp; &nbsp; - ]]>Nudge order notes","<![CDATA[ &nbsp; &nbsp; &nbsp; &nbsp; - ]]>Deslocar notas de encomenda"
"<![CDATA[ &nbsp; - ]]>Nudge product line","<![CDATA[ &nbsp; - ]]>Deslocar linha de produtos"
"<![CDATA[ &nbsp; - ]]>Nudge return address","<![CDATA[ &nbsp; - ]]>Deslocar endereço de retorno"
"<![CDATA[ &nbsp; - ]]>Nudge return label","<![CDATA[ &nbsp; - ]]>Deslocar etiqueta de devolução"
"Nudge shelving","Deslocar prateleiras"
"<![CDATA[ &nbsp; - ]]>Nudge shipping address","<![CDATA[ &nbsp; - ]]>Deslocar endereço de entrega"
"Nudge shipping address","Deslocar endereço de entrega"
"Order Attribute","Atributo Ordem"
"<![CDATA[ &nbsp; &nbsp; - ]]>Order attribute code","<![CDATA[ &nbsp; &nbsp; - ]]>Código de atributo Ordem"
"<![CDATA[ &nbsp; &nbsp; &nbsp; &nbsp; - ]]>Order attribute code","<![CDATA[ &nbsp; &nbsp; &nbsp; &nbsp; - ]]>Código de atributo Ordem"
"Order Attribute Value","Valor do atributo Ordem"
"Order date X-pos.","Data da ordem de X-pos."
"Order ID (Footer) X-pos.","ID Ordem (rodapé) X-pos."
"Order ID X-pos.","Ordem ID X-pos."
"<![CDATA[ &nbsp; - ]]>Order of subtotals","<![CDATA[ &nbsp; - ]]>Ordem de subtotais"
"Order-combined Pick List Options","Ordem combinada Escolha Opções da Lista"
"Order-separated Pick List Options","Ordem-separados Escolha Opções da Lista"
"Orders with In Stock Items Only","Encomendas com somente disponível"
"Output as PDF or CSV?","Saída como PDF ou CSV?"
"Output Excel XML file (instead of CSV)","Saída de arquivo XML do Excel (em vez de CSV)"
"<![CDATA[ &nbsp; - ]]>Override' Minimum stock qty'","<![CDATA[ &nbsp; - ]]>Substituir qty estoque mínimo"
"Override default address formatting?","Substituir formatação endereço padrão?"
"Packing Sheet Options","Opções da folha de embalagem"
"Packing Sheet Products : Separating Line Color","Embalagem de produtos Folha: Cor da linha de separação"
"Packing Sheet Products : Separating Vertical Line Color","Embalagem de produtos Folha: Separar Cor da linha vertical"
"Page 1 Product-lines cutoff Y-pos","Página 1 de corte de linhas de produtos Y-pos"
"Page Body : Color","Corpo página: Cor"
"Page Body : Font","Corpo página: Fonte"
"Page Body : Size","Corpo página: Tamanho"
"Page Body : Style","Corpo página: Estilo"
"<![CDATA[ &nbsp; - ]]>Page padding","<![CDATA[ &nbsp; - ]]>Preenchimento página"
"Page size","Tamanho da página"
"Page template :","Modelo de página:"
"Page title : Color","Título da página: Cor"
"Page title : Font","Título da página: Fonte"
"Page title : Size","Título da página: Tamanho"
"Page title : Style","Título da página: Estilo"
"<![CDATA[ &nbsp; &nbsp; &nbsp; &nbsp; - ]]>Pallet' go' weight","<![CDATA[ &nbsp; &nbsp; &nbsp; &nbsp; - ]]>Peso go palete"
"Paper height","Altura do papel"
"<![CDATA[ &nbsp; - ]]>Paper margins","<![CDATA[ &nbsp; - ]]>Margens do papel"
"Paper width","Largura do papel"
"PDF/CSV Out-of-stock List Options","PDF / CSV Fora de estoque Opções da Lista"
"pickPack","pickPack"
"pickPack Validation Key","pickPack Chave de Validação"
"<![CDATA[ &nbsp; - ]]>Position custom text box","<![CDATA[ &nbsp; - ]]>Posição da caixa de texto personalizado"
"<![CDATA[ &nbsp; - ]]>Position of notes :","<![CDATA[ &nbsp; - ]]>Posição de notas:"
"Position of shelving info","Posição de estantes Informações"
"Pre-cells","Pré-células"
"Price column title","Título da coluna Preço"
"Price X-pos.","Preço X-pos."
"Print Condition","Imprimir Condição"
"<![CDATA[ &nbsp; &nbsp; &nbsp; &nbsp; - ]]>'Product images' column","<![CDATA[ &nbsp; &nbsp; &nbsp; &nbsp; - ]]> Coluna de imagens de produtos"
"<![CDATA[ &nbsp; - ]]>Product list sort direction :","<![CDATA[ &nbsp; - ]]>Produto direção de classificação de lista:"
"Product list sort direction :","Produto direção de classificação de lista:"
"<![CDATA[ &nbsp; &nbsp; &nbsp; &nbsp; - ]]>'Product name' column","<![CDATA[ &nbsp; &nbsp; &nbsp; &nbsp; - ]]> Coluna nome do produto"
"Product name position","Posição nome do produto"
"Product name X-pos.","Nome do produto X-pos."
"Product names or attributes contain non-roman characters?","Os nomes de produtos ou atributos contêm caracteres não-latinos?"
"Product Options : Size","Opções do produto: Tamanho"
"<![CDATA[ &nbsp; &nbsp; &nbsp; &nbsp; - ]]>'Qty' column","<![CDATA[ &nbsp; &nbsp; &nbsp; &nbsp; - ]]> Coluna Quantidade"
"Qty column title","Título da coluna Qtde"
"Qty X-pos.","Qtde X-pos."
"<![CDATA[ &nbsp; - ]]>Return address","<![CDATA[ &nbsp; - ]]>Endereço de retorno"
"<![CDATA[ &nbsp; - ]]>return address - Default","<![CDATA[ &nbsp; - ]]>endereço de retorno - Padrão"
"<![CDATA[ &nbsp; - ]]>return address - Group 1","<![CDATA[ &nbsp; - ]]>endereço de retorno - Grupo 1"
"<![CDATA[ &nbsp; - ]]>return address - Group 2","<![CDATA[ &nbsp; - ]]>endereço de retorno - Grupo 2"
"<![CDATA[ &nbsp; - ]]>return address - Group 3","<![CDATA[ &nbsp; - ]]>endereço de retorno - Grupo 3"
"<![CDATA[ &nbsp; - ]]>Return Address Label : Color","<![CDATA[ &nbsp; - ]]>Retornar Etiqueta de endereço: Cor"
"<![CDATA[ &nbsp; - ]]>Return Address Label : Font","<![CDATA[ &nbsp; - ]]>Etiqueta de endereço de retorno: Fonte"
"<![CDATA[ &nbsp; - ]]>Return Address Label : Size","<![CDATA[ &nbsp; - ]]>ETIQUETA Endereço: Tamanho"
"<![CDATA[ &nbsp; - ]]>Return Address Label : Style","<![CDATA[ &nbsp; - ]]>Retornar Etiqueta de endereço: Estilo"
"Round cost by ? decimal places","Volta custo por? casas decimais"
"Round weight by ? decimal places","Arredondar peso? casas decimais"
"Select Order Attribute To Update","Selecione atributo para atualizar"
"Set Internal Printed Flag?","Definir Bandeira Impresso interno?"
"Set the currency symbol","Definir o símbolo de moeda"
"Shelving attribute","Prateleiras atributo"
"Shelving position","Prateleiras posição"
"<![CDATA[ &nbsp; &nbsp; &nbsp; &nbsp; - ]]>'ship-address' and' bill-address' column format","<![CDATA[ &nbsp; &nbsp; &nbsp; &nbsp; - ]]> navio endereço e conta de endereço formato de coluna"
"Shipping Address","Endereço para envio"
"<![CDATA[ &nbsp; - ]]>Shipping address padding","<![CDATA[ &nbsp; - ]]>Preenchimento endereço de entrega"
"<![CDATA[ &nbsp; - ]]>Shipping address title","<![CDATA[ &nbsp; - ]]>Título endereço de entrega"
"<![CDATA[ &nbsp; - ]]>Shipping Image #1","<![CDATA[ &nbsp; - ]]>Envio Image # 1"
"<![CDATA[ &nbsp; - ]]>Shipping Image #2","<![CDATA[ &nbsp; - ]]>O envio da Imagem # 2"
"<![CDATA[ &nbsp; - ]]>Shipping Image #3","<![CDATA[ &nbsp; - ]]>O envio da Imagem # 3"
"Shipping/Billing Title : Style","Envio / Título de faturamento: Estilo"
"<![CDATA[ &nbsp; - ]]>Show' Message B' for this group :","<![CDATA[ &nbsp; - ]]>Mostrar B Mensagem para este grupo:"
"Show' Packed by' note?","Mostrar Embalado por nota?"
"Show' total item count'?","Mostrar contagem total do item?"
"Show' total order count'?","Mostrar contagem total do pedido?"
"Show' total paid'?","Mostrar total pago?"
"Show' total shipping paid'?","Mostrar transporte total pago?"
"<![CDATA[ &nbsp; - ]]>Show #Order or #Invoice","<![CDATA[ &nbsp; - ]]>Show # # Ordem ou Fatura"
"<![CDATA[ &nbsp; - ]]>Show 2nd attribute?","<![CDATA[ &nbsp; - ]]>Mostrar atributo 2?"
"<![CDATA[ &nbsp; - ]]>Show 2nd order custom attribute?","<![CDATA[ &nbsp; - ]]>Mostrar atributo personalizado de 2 ª ordem?"
"<![CDATA[ &nbsp; - ]]>Show 3rd attribute?","<![CDATA[ &nbsp; - ]]>Mostrar atributo 3?"
"Show advanced options?","Mostrar opções avançadas?"
"<![CDATA[ &nbsp; - ]]>Show another attribute?","<![CDATA[ &nbsp; - ]]>Mostrar um outro atributo?"
"Show another attribute?","Mostrar um outro atributo?"
"Show BetaBoxes?","Mostrar BetaBoxes?"
"Show billing address at top?","Mostrar endereço de faturamento no topo?"
"<![CDATA[ &nbsp; - ]]>Show Box 1?","<![CDATA[ &nbsp; - ]]>Mostrar caixa de um?"
"<![CDATA[ &nbsp; - ]]>Show Box 2?","<![CDATA[ &nbsp; - ]]>Mostrar caixa 2?"
"<![CDATA[ &nbsp; - ]]>Show Box 3?","<![CDATA[ &nbsp; - ]]>Mostrar caixa de 3?"
"<![CDATA[ &nbsp; - ]]>Show box estimation?","<![CDATA[ &nbsp; - ]]>Mostrar estimativa caixa?"
"Show cost subtotal?","Mostrar custar subtotal?"
"Show custom product attribute?","Mostrar atributo do produto personalizado?"
"Show custom product options?","Mostrar opções de produtos personalizados?"
"Show customer email?","Mostrar e-mail do cliente?"
"<![CDATA[ &nbsp; - ]]>Show customer group?","<![CDATA[ &nbsp; - ]]>Mostrar grupo de clientes?"
"<![CDATA[ &nbsp; - ]]>Show customer ID?","<![CDATA[ &nbsp; - ]]>Mostrar ID do cliente?"
"Show customer phone?","Mostrar telefone do cliente?"
"<![CDATA[ &nbsp; - ]]>Show customer VAT number?","<![CDATA[ &nbsp; - ]]>Mostrar número de IVA ao cliente?"
"Show date printed?","Mostrar data impressa?"
"<![CDATA[ &nbsp; - ]]>Show deadline text / date?","<![CDATA[ &nbsp; - ]]>Mostrar texto prazo / data?"
"<![CDATA[ &nbsp; - ]]>Show discounts where?","<![CDATA[ &nbsp; - ]]>Mostrar descontos onde?"
"Show extended info line?","Mostrar linha de informação estendida?"
"Show extra shipping details?","Ver detalhes de envio extra?"
"Show gift message?","Mostrar mensagem de presente?"
"<![CDATA[ &nbsp; - ]]>Show items count?","<![CDATA[ &nbsp; - ]]>Mostrar contagem de itens?"
"Show logo on Pick Lists?","Mostrar logotipo em listas de seleção?"
"Show name?","Mostrar o nome?"
"<![CDATA[ &nbsp; - ]]>Show order custom attribute?","<![CDATA[ &nbsp; - ]]>Mostrar atributo ordem personalizada?"
"<![CDATA[ &nbsp; - ]]>Show order ID above address?","<![CDATA[ &nbsp; - ]]>Mostrar ID ordem acima endereço?"
"Show Order ID barcode?","Mostrar código de barras ID Ordem?"
"Show order ID barcodes?","Mostrar códigos de barras de identificação de ordem?"
"Show Order IDs?","Mostrar identificações de ordem?"
"<![CDATA[ &nbsp; - ]]>Show payment method?","<![CDATA[ &nbsp; - ]]>Mostrar método de pagamento?"
"Show phone numbers?","Mostrar números de telefone?"
"Show prices?","Mostrar preços?"
"Show product images?","Mostrar imagens de produtos?"
"Show product name?","Mostrar o nome do produto?"
"Show product names?","Mostrar nomes de produtos?"
"Show product options?","Mostrar opções de produtos?"
"Show product sku barcode?","Mostrar o produto de código de barras sku?"
"Show product sku?","Mostrar produto sku?"
"<![CDATA[ &nbsp; - ]]>Show purchase order #?","<![CDATA[ &nbsp; - ]]>Mostrar ordem de compra #?"
"Show shelving info?","Mostrar prateleiras informações?"
"Show shipping address at top?","Mostrar endereço de entrega no topo?"
"Show shipping address?","Mostrar endereço de entrega?"
"<![CDATA[ &nbsp; - ]]>Show shipping carrier?","<![CDATA[ &nbsp; - ]]>Mostrar transportadora?"
"Show shipping method?","Mostrar método de envio?"
"Show SKU?","Mostrar SKU?"
"Show specific attribute?","Mostrar atributo específico?"
"<![CDATA[ &nbsp; - ]]>Show stock alert below...","<![CDATA[ &nbsp; - ]]>Mostrar alerta estoque abaixo ..."
"Show stock alert below...","Mostrar alerta estoque abaixo ..."
"Show stock alerts?","Mostrar alertas de ações?"
"<![CDATA[ &nbsp; &nbsp; &nbsp; &nbsp; - ]]>Show tax breakdown?","<![CDATA[ &nbsp; &nbsp; &nbsp; &nbsp; - ]]>Mostrar colapso fiscal?"
"<![CDATA[ &nbsp; - ]]>Show tax separately?","<![CDATA[ &nbsp; - ]]>Mostrar imposto separadamente?"
"<![CDATA[ &nbsp; - ]]>Show total weight?","<![CDATA[ &nbsp; - ]]>Mostrar peso total?"
"<![CDATA[ &nbsp; - ]]>Show which date?","<![CDATA[ &nbsp; - ]]>Mostrar que data?"
"Show which value for configurable product names?","Mostrar que o valor para nomes de produtos configuráveis?"
"Show which value for product names?","Mostrar que o valor para nomes de produtos?"
"<![CDATA[ &nbsp; - ]]>Show Zipcode barcode?","<![CDATA[ &nbsp; - ]]>Mostrar código de barras CEP?"
"Size attribute","Atributo de tamanho"
"Size X-pos.","Tamanho X-pos."
"<![CDATA[ &nbsp; &nbsp; &nbsp; &nbsp; - ]]>'SKU' column","<![CDATA[ &nbsp; &nbsp; &nbsp; &nbsp; - ]]> Coluna SKU"
"SKU Barcode column title","SKU título da coluna de código de barras"
"SKU column title","SKU título da coluna"
"SKU position","Posição SKU"
"SKU X-pos.","SKU X-pos."
"Sort direction :","Direção de classificação:"
"Sort items by :","Classificar itens por:"
"<![CDATA[ &nbsp; - ]]>Sort product lists by :","<![CDATA[ &nbsp; - ]]>Organizar listas de produtos por:"
"Sort product lists by :","Organizar listas de produtos por:"
"Sort product lists?","Organizar listas de produtos?"
"Start overflow pages where?","Comece páginas de sobrecarga onde?"
"Status","Estado"
"Stock Filter","Filtro de estoque"
"<![CDATA[ &nbsp; &nbsp; &nbsp; &nbsp; - ]]>'Stock warning' column","<![CDATA[ &nbsp; &nbsp; &nbsp; &nbsp; - ]]> Coluna aviso estoque"
"Subheadings : Color","Subposições: Cor"
"Subheadings : Font","Qualificadores: Fonte"
"Subheadings : Size","Qualificadores: Tamanho"
"Subheadings : Style","Qualificadores: Estilo"
"Supplier' login'","Fornecedor de login"
"Supplier attribute","Atributo fornecedor"
"Supplier options","Opções de fornecedores"
"Supplier username:suppliername","Nome de usuário Fornecedor: suppliername"
"Tax column title","Título da coluna Imposto"
"<![CDATA[ &nbsp; &nbsp; &nbsp; &nbsp; - ]]>'Tick boxes' next to item SKUs?","<![CDATA[ &nbsp; &nbsp; &nbsp; &nbsp; - ]]> Marque as caixas ao lado de SKUs de item?"
"Time","Tempo"
"<![CDATA[ &nbsp; - ]]>Titles position","<![CDATA[ &nbsp; - ]]>Posição títulos"
"<![CDATA[ &nbsp; - ]]>Top address padding","<![CDATA[ &nbsp; - ]]>Preenchimento endereço topo"
"Top of page","Topo da página"
"Total price column title","Título da coluna preço total"
"Truncate items to fit in columns?","Truncar itens para caber em colunas?"
"<![CDATA[ &nbsp; - ]]>Under product-list message","<![CDATA[ &nbsp; - ]]>Sob produto lista de mensagem"
"<![CDATA[ &nbsp; - ]]>Under product-list Message A","<![CDATA[ &nbsp; - ]]>Sob lista de produtos-Uma Mensagem"
"<![CDATA[ &nbsp; - ]]>Under product-list Message B","<![CDATA[ &nbsp; - ]]>Sob produto-lista B Mensagem"
"Update Order Attribute","Atualize Atributo Ordem"
"Upsize + bold qty, if qty = 2+","Upsize & qty negrito se qty is 2 +"
"<![CDATA[ &nbsp; - ]]>Use which image?","<![CDATA[ &nbsp; - ]]>Use que imagem?"
"Value","Valor"
"Weight multiplier","Multiplicador de peso"
"<![CDATA[ &nbsp; &nbsp; &nbsp; &nbsp; - ]]>Weight unit:","<![CDATA[ &nbsp; &nbsp; &nbsp; &nbsp; - ]]>Unidade de peso:"
"<![CDATA[ &nbsp; &nbsp; &nbsp; &nbsp; - ]]>What is your word for' tax'?","<![CDATA[ &nbsp; &nbsp; &nbsp; &nbsp; - ]]>Qual é a sua palavra para o imposto?"
"<![CDATA[ &nbsp; &nbsp; - ]]>X days after printing date?","<![CDATA[ &nbsp; &nbsp; - ]]>X dias após a data de impressão?"
"X-Pos. attr. 2","X-Pos. attr. 2"
"X-Pos. attr. 2 (+ prices col)","X-Pos. attr. 2 (+ col preços)"
"<![CDATA[ &nbsp; - ]]>X-Pos. attr. 2 (+ prices, tax cols)","<![CDATA[ &nbsp; - ]]>X-Pos. attr. 2 (+ preços, imposto de colunas)"
"X-Pos. attr. 3","X-Pos. attr. 3"
"X-Pos. attr. 3 (+ prices col)","X-Pos. attr. 3 (+ col preços)"
"<![CDATA[ &nbsp; - ]]>X-Pos. attr. 3 (+ prices, tax cols)","<![CDATA[ &nbsp; - ]]>X-Pos. attr. 3 (+ preços, imposto de colunas)"
"X-Pos. custom product options","X-Pos. opções de produtos personalizados"
"<![CDATA[ &nbsp; - ]]>X-Pos. custom product options (+ prices col)","<![CDATA[ &nbsp; - ]]>X-Pos. opções de produtos personalizados (+ col preços)"
"<![CDATA[ &nbsp; - ]]>X-Pos. custom product options (+ prices, tax cols)","<![CDATA[ &nbsp; - ]]>X-Pos. opções personalizadas de produtos (+ preços, imposto cols)"
"<![CDATA[ &nbsp; - ]]>X-Pos. date","<![CDATA[ &nbsp; - ]]>X-Pos. data"
"X-Pos. images","X-Pos. imagens"
"X-Pos. images (+ prices col)","X-Pos. imagens (+ col preços)"
"<![CDATA[ &nbsp; - ]]>X-Pos. images (+ prices, tax cols)","<![CDATA[ &nbsp; - ]]>X-Pos. imagens (+ preços, imposto de colunas)"
"X-Pos. name","X-Pos. nome"
"X-Pos. name (+ prices col)","X-Pos. Nome (+ preços col)"
"<![CDATA[ &nbsp; - ]]>X-Pos. name (+ prices, tax cols)","<![CDATA[ &nbsp; - ]]>X-Pos. Nome (+ preços, imposto cols)"
"X-Pos. qty","X-Pos. qty"
"X-Pos. qty (+ prices col)","X-Pos. qty (+ col preços)"
"<![CDATA[ &nbsp; - ]]>X-Pos. qty (+ prices, tax cols)","<![CDATA[ &nbsp; - ]]>X-Pos. qty (+ preços, imposto de colunas)"
"X-Pos. shelf","X-Pos. prateleira"
"X-Pos. shelf (+ prices col)","X-Pos. prateleira (+ preços col)"
"<![CDATA[ &nbsp; - ]]>X-Pos. shelf (+ prices, tax cols)","<![CDATA[ &nbsp; - ]]>X-Pos. prateleira (+ preços, imposto colunas)"
"X-Pos. sku","X-Pos. sku"
"X-Pos. sku (+ prices col)","X-Pos. sku (+ col preços)"
"<![CDATA[ &nbsp; - ]]>X-Pos. sku (+ prices, tax cols)","<![CDATA[ &nbsp; - ]]>X-Pos. sku (+ preços, imposto de colunas)"
"X-Pos. SKU barcode","X-Pos. Código de barras SKU"
"X-Pos. SKU barcode (+ prices col)","X-Pos. SKU código de barras (+ col preços)"
"<![CDATA[ &nbsp; - ]]>X-Pos. SKU barcode (+ prices, tax cols)","<![CDATA[ &nbsp; - ]]>X-Pos. SKU código de barras (+ preços, imposto cols)"
"X-Pos. tickbox","X-Pos. tickbox"
"X-Pos. tickbox (+ prices col)","X-Pos. tickbox (+ col preços)"
"<![CDATA[ &nbsp; - ]]>X-Pos. tickbox (+ prices, tax cols)","<![CDATA[ &nbsp; - ]]>X-Pos. tickbox (+ preços, imposto de colunas)"
"X-Pos. total price","X-Pos. preço total"
"<![CDATA[ &nbsp; - ]]>X-Pos. total price (+ tax col)","<![CDATA[ &nbsp; - ]]>X-Pos. preço total (+ col fiscal)"
"X-Pos. unit price","X-Pos. preço unitário"
"<![CDATA[ &nbsp; - ]]>X-Pos. unit price (+ tax col)","<![CDATA[ &nbsp; - ]]>X-Pos. preço unitário (+ col fiscal)"
"X-Pos. unit tax","X-Pos. unidade fiscal"
"XML/CSV Cargo Packing Sheet","XML / CSV Folha de Embalagem Carga"
