"Trolleybox Pick List","Trolleybox Lista de selección "
"<![CDATA[ &nbsp; - ]]>Add a 2nd page title?","<![CDATA[ &nbsp; - ]]>Agregar un segundo título de la página?"
"<![CDATA[ &nbsp; - ]]>Add Order ID barcode?","<![CDATA[ &nbsp; - ]]>Agregar código de barras Order ID?"
"<![CDATA[ &nbsp; - ]]>Attribute 1","<![CDATA[ &nbsp; - ]]>Atributo 1"
"<![CDATA[ &nbsp; - ]]>Attribute 2","<![CDATA[ &nbsp; - ]]>Atributo 2"
"<![CDATA[ &nbsp; - ]]>Attribute 3","<![CDATA[ &nbsp; - ]]>Atributo 3"
"<![CDATA[ &nbsp; - ]]>Attribute code","<![CDATA[ &nbsp; - ]]>Atributo código"
"<![CDATA[ &nbsp; - ]]>Attribute column title","<![CDATA[ &nbsp; - ]]>Atributo título de la columna"
"<![CDATA[ &nbsp; - ]]>Attribute to sort by :","<![CDATA[ &nbsp; - ]]>Atributo para ordenar por:"
"<![CDATA[ &nbsp; - ]]>Background Image","<![CDATA[ &nbsp; - ]]>Imagen de fondo"
"<![CDATA[ &nbsp; - ]]>Billing address position","<![CDATA[ &nbsp; - ]]>Facturación posición de la dirección"
"<![CDATA[ &nbsp; - ]]>Billing address posititon","<![CDATA[ &nbsp; - ]]>Facturación posititon dirección"
"<![CDATA[ &nbsp; - ]]>Billing address title","<![CDATA[ &nbsp; - ]]>Facturación título dirección"
"<![CDATA[ &nbsp; - ]]>Blank box image","<![CDATA[ &nbsp; - ]]>Rectángulo en blanco"
"<![CDATA[ &nbsp; - ]]>Bring up top address?","<![CDATA[ &nbsp; - ]]>Que aparezca la dirección de arriba?"
"<![CDATA[ &nbsp; - ]]>Company address","<![CDATA[ &nbsp; - ]]>Dirección de la empresa"
"<![CDATA[ &nbsp; - ]]>Company address, Default","<![CDATA[ &nbsp; - ]]>Dirección de la empresa, por defecto"
"<![CDATA[ &nbsp; - ]]>Company address, Group 1","<![CDATA[ &nbsp; - ]]>Dirección de la empresa, Grupo 1"
"<![CDATA[ &nbsp; - ]]>Company address, Group 2","<![CDATA[ &nbsp; - ]]>Dirección de la empresa, Grupo 2"
"<![CDATA[ &nbsp; - ]]>Company address, Group 3","<![CDATA[ &nbsp; - ]]>Dirección de la empresa, Grupo 3"
"<![CDATA[ &nbsp; - ]]>Custom font file","<![CDATA[ &nbsp; - ]]>Archivo de fuentes personalizado"
"<![CDATA[ &nbsp; - ]]>Custom options column title","<![CDATA[ &nbsp; - ]]>Personalizar las opciones de título de la columna"
"<![CDATA[ &nbsp; - ]]>Custom page title","<![CDATA[ &nbsp; - ]]>Título de la página personalizada"
"<![CDATA[ &nbsp; - ]]>Custom text image","<![CDATA[ &nbsp; - ]]>Imagen Texto personalizado"
"<![CDATA[ &nbsp; - ]]>Fill columns titlebar?","<![CDATA[ &nbsp; - ]]>Llene las columnas barra de título?"
"<![CDATA[ &nbsp; - ]]>Filter order notes?","<![CDATA[ &nbsp; - ]]>Filtrar notas de pedido?"
"<![CDATA[ &nbsp; - ]]>Filter out some options?","<![CDATA[ &nbsp; - ]]>Filtrar algunas opciones?"
"<![CDATA[ &nbsp; - ]]>Filter text (don't show notes containg this text)","<![CDATA[ &nbsp; - ]]>Texto Filter (Don Ver los apuntes t containg este texto)"
"<![CDATA[ &nbsp; - ]]>Font size (Return address)","<![CDATA[ &nbsp; - ]]>Tamaño de fuente (dirección de retorno)"
"<![CDATA[ &nbsp; - ]]>Font size (Shipping address)","<![CDATA[ &nbsp; - ]]>Tamaño de fuente (dirección de envío)"
"<![CDATA[ &nbsp; - ]]>Format product options?","<![CDATA[ &nbsp; - ]]>Opciones de formato de productos?"
"<![CDATA[ &nbsp; - ]]>Header logo","<![CDATA[ &nbsp; - ]]>Header logo"
"<![CDATA[ &nbsp; - ]]>Hide prices if a gift order?","<![CDATA[ &nbsp; - ]]>Ocultar los precios si es un pedido para regalo?"
"<![CDATA[ &nbsp; - ]]>Image behind return address?","<![CDATA[ &nbsp; - ]]>Imagen detrás de la dirección del remitente?"
"<![CDATA[ &nbsp; - ]]>Image behind ship address?","<![CDATA[ &nbsp; - ]]>Imagen detrás dirección de la nave?"
"<![CDATA[ &nbsp; - ]]>Image border color","<![CDATA[ &nbsp; - ]]>Imagen de color del borde"
"<![CDATA[ &nbsp; - ]]>Invert some of the title colors...","<![CDATA[ &nbsp; - ]]>Invierta algunos de los colores del título ..."
"<![CDATA[ &nbsp; - ]]>Label height","<![CDATA[ &nbsp; - ]]>Altura de etiqueta"
"<![CDATA[ &nbsp; - ]]>Label padding","<![CDATA[ &nbsp; - ]]>Label relleno"
"<![CDATA[ &nbsp; - ]]>Label width","<![CDATA[ &nbsp; - ]]>Etiqueta de ancho"
"<![CDATA[ &nbsp; - ]]>Line above fixed footer image?","<![CDATA[ &nbsp; - ]]>Línea de pie de página sobre la imagen fija?"
"<![CDATA[ &nbsp; - ]]>Lock image to page base?","<![CDATA[ &nbsp; - ]]>Bloqueo de imagen a la base de la página?"
"<![CDATA[ &nbsp; - ]]>Logo position","<![CDATA[ &nbsp; - ]]>Logo posición"
"<![CDATA[ &nbsp; - ]]>Match shipping description :","<![CDATA[ &nbsp; - ]]>Coincidir descripción de envío:"
"<![CDATA[ &nbsp; - ]]>Max dimensions","<![CDATA[ &nbsp; - ]]>Dimensiones máx"
"<![CDATA[ &nbsp; - ]]>Nudge background image","<![CDATA[ &nbsp; - ]]>Empujar imagen de fondo"
"<![CDATA[ &nbsp; - ]]>Nudge fixed image","<![CDATA[ &nbsp; - ]]>Empujar imagen fija"
"<![CDATA[ &nbsp; - ]]>Nudge gift message","<![CDATA[ &nbsp; - ]]>Empujar mensaje de regalo"
"<![CDATA[ &nbsp; - ]]>Nudge image","<![CDATA[ &nbsp; - ]]>Empujar imagen"
"<![CDATA[ &nbsp; - ]]>Nudge order notes","<![CDATA[ &nbsp; - ]]>Empujar notas de pedido"
"<![CDATA[ &nbsp; - ]]>Nudge product line","<![CDATA[ &nbsp; - ]]>Empujar la línea de productos"
"<![CDATA[ &nbsp; - ]]>Nudge return address","<![CDATA[ &nbsp; - ]]>Empujar la dirección del remitente"
"<![CDATA[ &nbsp; - ]]>Nudge return label","<![CDATA[ &nbsp; - ]]>Empujar etiqueta de devolución"
"<![CDATA[ &nbsp; - ]]>Nudge shipping address","<![CDATA[ &nbsp; - ]]>Empujar la dirección de envío"
"<![CDATA[ &nbsp; - ]]>Nudge' Packed by' note","<![CDATA[ &nbsp; - ]]>Empujar Embalado por nota"
"<![CDATA[ &nbsp; - ]]>Order of subtotals","<![CDATA[ &nbsp; - ]]>Orden de los subtotales"
"<![CDATA[ &nbsp; - ]]>Override' Minimum stock qty'","<![CDATA[ &nbsp; - ]]>Anulación Cantidad mínima"
"<![CDATA[ &nbsp; - ]]>Page padding","<![CDATA[ &nbsp; - ]]>Página relleno"
"<![CDATA[ &nbsp; - ]]>Paper margins","<![CDATA[ &nbsp; - ]]>Márgenes del papel"
"<![CDATA[ &nbsp; - ]]>Position custom text box","<![CDATA[ &nbsp; - ]]>Posición cuadro de texto personalizado"
"<![CDATA[ &nbsp; - ]]>Position of notes :","<![CDATA[ &nbsp; - ]]>Posición de las notas:"
"<![CDATA[ &nbsp; - ]]>Product list sort direction :","<![CDATA[ &nbsp; - ]]>Lista de productos tipo dirección:"
"<![CDATA[ &nbsp; - ]]>Return address","<![CDATA[ &nbsp; - ]]>Dirección de devolución"
"<![CDATA[ &nbsp; - ]]>return address - Default","<![CDATA[ &nbsp; - ]]>dirección de retorno - Default"
"<![CDATA[ &nbsp; - ]]>return address - Group 1","<![CDATA[ &nbsp; - ]]>dirección de retorno - Grupo 1"
"<![CDATA[ &nbsp; - ]]>return address - Group 2","<![CDATA[ &nbsp; - ]]>dirección de retorno - Grupo 2"
"<![CDATA[ &nbsp; - ]]>return address - Group 3","<![CDATA[ &nbsp; - ]]>dirección de retorno - Grupo 3"
"<![CDATA[ &nbsp; - ]]>Return Address Label : Color","<![CDATA[ &nbsp; - ]]>Volver Label Dirección: Color"
"<![CDATA[ &nbsp; - ]]>Return Address Label : Font","<![CDATA[ &nbsp; - ]]>Etiqueta de Devolución Dirección: Font"
"<![CDATA[ &nbsp; - ]]>Return Address Label : Size","<![CDATA[ &nbsp; - ]]>Volver Etiqueta de dirección: Tamaño"
"<![CDATA[ &nbsp; - ]]>Return Address Label : Style","<![CDATA[ &nbsp; - ]]>Volver Label Dirección: Style"
"<![CDATA[ &nbsp; - ]]>Shipping address padding","<![CDATA[ &nbsp; - ]]>Envío relleno dirección"
"<![CDATA[ &nbsp; - ]]>Shipping address title","<![CDATA[ &nbsp; - ]]>Envío título dirección"
"<![CDATA[ &nbsp; - ]]>Shipping Image #1","<![CDATA[ &nbsp; - ]]>Envío Imagen # 1"
"<![CDATA[ &nbsp; - ]]>Shipping Image #2","<![CDATA[ &nbsp; - ]]>Envío Imagen # 2"
"<![CDATA[ &nbsp; - ]]>Shipping Image #3","<![CDATA[ &nbsp; - ]]>Envío Imagen # 3"
"<![CDATA[ &nbsp; - ]]>Show #Order or #Invoice","<![CDATA[ &nbsp; - ]]>Show # Orden o Factura No."
"<![CDATA[ &nbsp; - ]]>Show 2nd attribute?","<![CDATA[ &nbsp; - ]]>Mostrar atributo segundo?"
"<![CDATA[ &nbsp; - ]]>Show 2nd order custom attribute?","<![CDATA[ &nbsp; - ]]>Mostrar atributo personalizado segundo orden?"
"<![CDATA[ &nbsp; - ]]>Show 3rd attribute?","<![CDATA[ &nbsp; - ]]>Mostrar atributo tercero?"
"<![CDATA[ &nbsp; - ]]>Show another attribute?","<![CDATA[ &nbsp; - ]]>Mostrar otro atributo?"
"<![CDATA[ &nbsp; - ]]>Show Box 1?","<![CDATA[ &nbsp; - ]]>Mostrar cuadro 1?"
"<![CDATA[ &nbsp; - ]]>Show Box 2?","<![CDATA[ &nbsp; - ]]>Mostrar cuadro 2?"
"<![CDATA[ &nbsp; - ]]>Show Box 3?","<![CDATA[ &nbsp; - ]]>Mostrar cuadro 3?"
"<![CDATA[ &nbsp; - ]]>Show box estimation?","<![CDATA[ &nbsp; - ]]>Mostrar estimación caja?"
"<![CDATA[ &nbsp; - ]]>Show customer group?","<![CDATA[ &nbsp; - ]]>Mostrar grupo de clientes?"
"<![CDATA[ &nbsp; - ]]>Show customer ID?","<![CDATA[ &nbsp; - ]]>Mostrar ID de cliente?"
"<![CDATA[ &nbsp; - ]]>Show customer VAT number?","<![CDATA[ &nbsp; - ]]>Mostrar el número de cliente de IVA?"
"<![CDATA[ &nbsp; - ]]>Show deadline text / date?","<![CDATA[ &nbsp; - ]]>Mostrar texto de la fecha / hora?"
"<![CDATA[ &nbsp; - ]]>Show discounts where?","<![CDATA[ &nbsp; - ]]>Mostrar descuentos dónde?"
"<![CDATA[ &nbsp; - ]]>Show items count?","<![CDATA[ &nbsp; - ]]>Mostrar recuento de los elementos?"
"<![CDATA[ &nbsp; - ]]>Show order custom attribute?","<![CDATA[ &nbsp; - ]]>Mostrar atributo orden de encargo?"
"<![CDATA[ &nbsp; - ]]>Show order ID above address?","<![CDATA[ &nbsp; - ]]>Mostrar ID de orden superior dirección?"
"<![CDATA[ &nbsp; - ]]>Show payment method?","<![CDATA[ &nbsp; - ]]>Mostrar forma de pago?"
"<![CDATA[ &nbsp; - ]]>Show purchase order #?","<![CDATA[ &nbsp; - ]]>Mostrar orden de compra #?"
"<![CDATA[ &nbsp; - ]]>Show shipping carrier?","<![CDATA[ &nbsp; - ]]>Mostrar empresa de transporte?"
"<![CDATA[ &nbsp; - ]]>Show stock alert below...","<![CDATA[ &nbsp; - ]]>Mostrar alerta valores por debajo de ..."
"<![CDATA[ &nbsp; - ]]>Show tax separately?","<![CDATA[ &nbsp; - ]]>Mostrar impuestos por separado?"
"<![CDATA[ &nbsp; - ]]>Show total weight?","<![CDATA[ &nbsp; - ]]>Mostrar peso total?"
"<![CDATA[ &nbsp; - ]]>Show which date?","<![CDATA[ &nbsp; - ]]>Mostrar qué fecha?"
"<![CDATA[ &nbsp; - ]]>Show Zipcode barcode?","<![CDATA[ &nbsp; - ]]>Mostrar códigos de barras Código Postal?"
"<![CDATA[ &nbsp; - ]]>Show' Message B' for this group :","<![CDATA[ &nbsp; - ]]>Mostrar mensaje B de este grupo:"
"<![CDATA[ &nbsp; - ]]>Sort product lists by :","<![CDATA[ &nbsp; - ]]>Ordenar listas de productos por:"
"<![CDATA[ &nbsp; - ]]>Titles position","<![CDATA[ &nbsp; - ]]>Títulos posición"
"<![CDATA[ &nbsp; - ]]>Top address padding","<![CDATA[ &nbsp; - ]]>Relleno dirección Arriba"
"<![CDATA[ &nbsp; - ]]>Under product-list message","<![CDATA[ &nbsp; - ]]>En mensaje del producto de la lista"
"<![CDATA[ &nbsp; - ]]>Under product-list Message A","<![CDATA[ &nbsp; - ]]>En Mensaje producto de la lista A"
"<![CDATA[ &nbsp; - ]]>Under product-list Message B","<![CDATA[ &nbsp; - ]]>Bajo B Mensaje producto de la lista"
"<![CDATA[ &nbsp; - ]]>Use which image?","<![CDATA[ &nbsp; - ]]>El uso que la imagen?"
"<![CDATA[ &nbsp; - ]]>X-Pos. attr. 2 (+ prices, tax cols)","<![CDATA[ &nbsp; - ]]>X-Pos. attr. 2 (+ precios, impuestos cols)"
"<![CDATA[ &nbsp; - ]]>X-Pos. attr. 3 (+ prices, tax cols)","<![CDATA[ &nbsp; - ]]>X-Pos. attr. 3 (+ precios, impuestos cols)"
"<![CDATA[ &nbsp; - ]]>X-Pos. custom product options (+ prices col)","<![CDATA[ &nbsp; - ]]>X-Pos. opciones de personalización del producto (+ col precios)"
"<![CDATA[ &nbsp; - ]]>X-Pos. custom product options (+ prices, tax cols)","<![CDATA[ &nbsp; - ]]>X-Pos. opciones de personalización del producto (+ precios, impuestos cols)"
"<![CDATA[ &nbsp; - ]]>X-Pos. date","<![CDATA[ &nbsp; - ]]>X-Pos. fecha"
"<![CDATA[ &nbsp; - ]]>X-Pos. images (+ prices, tax cols)","<![CDATA[ &nbsp; - ]]>X-Pos. imágenes (+ precios, impuestos cols)"
"<![CDATA[ &nbsp; - ]]>X-Pos. name (+ prices, tax cols)","<![CDATA[ &nbsp; - ]]>X-Pos. nombre (+ precios, impuestos cols)"
"<![CDATA[ &nbsp; - ]]>X-Pos. qty (+ prices, tax cols)","<![CDATA[ &nbsp; - ]]>X-Pos. Cantidad (+ precios, impuestos cols)"
"<![CDATA[ &nbsp; - ]]>X-Pos. shelf (+ prices, tax cols)","<![CDATA[ &nbsp; - ]]>X-Pos. (+ estanterías precios, impuestos cols)"
"<![CDATA[ &nbsp; - ]]>X-Pos. sku (+ prices, tax cols)","<![CDATA[ &nbsp; - ]]>X-Pos. sku (+ precios, impuestos cols)"
"<![CDATA[ &nbsp; - ]]>X-Pos. SKU barcode (+ prices, tax cols)","<![CDATA[ &nbsp; - ]]>X-Pos. SKU código de barras (+ precios, impuestos cols)"
"<![CDATA[ &nbsp; - ]]>X-Pos. tickbox (+ prices, tax cols)","<![CDATA[ &nbsp; - ]]>X-Pos. Tickbox (+ precios, impuestos cols)"
"<![CDATA[ &nbsp; - ]]>X-Pos. total price (+ tax col)","<![CDATA[ &nbsp; - ]]>X-Pos. precio total (col + impuestos)"
"<![CDATA[ &nbsp; - ]]>X-Pos. unit price (+ tax col)","<![CDATA[ &nbsp; - ]]>X-Pos. precio por unidad (col + impuestos)"
"<![CDATA[ &nbsp; &nbsp; - ]]>2nd Order attribute code","<![CDATA[ &nbsp; &nbsp; - ]]>Orden segundo código de atributo"
"<![CDATA[ &nbsp; &nbsp; - ]]>Deadline text","<![CDATA[ &nbsp; &nbsp; - ]]>Fecha límite de texto"
"<![CDATA[ &nbsp; &nbsp; - ]]>Don't count these custom option SKUs :","<![CDATA[ &nbsp; &nbsp; - ]]>Don t contar los SKUs de opciones personalizadas:"
"<![CDATA[ &nbsp; &nbsp; - ]]>Filter out these custom option SKUs :","<![CDATA[ &nbsp; &nbsp; - ]]>Filtrar los SKUs de opciones personalizadas:"
"<![CDATA[ &nbsp; &nbsp; - ]]>Order attribute code","<![CDATA[ &nbsp; &nbsp; - ]]>Código de pedido atributo"
"<![CDATA[ &nbsp; &nbsp; - ]]>X days after printing date?","<![CDATA[ &nbsp; &nbsp; - ]]>X días después de la fecha de impresión?"
"<![CDATA[ &nbsp; &nbsp; &nbsp; - ]]>Image file","<![CDATA[ &nbsp; &nbsp; &nbsp; - ]]>Archivo de imagen"
"<![CDATA[ &nbsp; &nbsp; &nbsp; - ]]>Image position nudge","<![CDATA[ &nbsp; &nbsp; &nbsp; - ]]>Imagen codazo posición"
"<![CDATA[ &nbsp; &nbsp; &nbsp; &nbsp; - ]]>'Attribute 1' column","<![CDATA[ &nbsp; &nbsp; &nbsp; &nbsp; - ]]>Atributo 1 columna"
"<![CDATA[ &nbsp; &nbsp; &nbsp; &nbsp; - ]]>'Attribute 2' column","<![CDATA[ &nbsp; &nbsp; &nbsp; &nbsp; - ]]>Atributo 2 columna"
"<![CDATA[ &nbsp; &nbsp; &nbsp; &nbsp; - ]]>'Attribute 3' column","<![CDATA[ &nbsp; &nbsp; &nbsp; &nbsp; - ]]>Atributo 3 columna"
"<![CDATA[ &nbsp; &nbsp; &nbsp; &nbsp; - ]]>'Combined Packing Sheet/Invoice' grouped by Order ID?","<![CDATA[ &nbsp; &nbsp; &nbsp; &nbsp; - ]]> Embalaje Combinado hoja / Factura agrupados por Id. de pedido?"
"<![CDATA[ &nbsp; &nbsp; &nbsp; &nbsp; - ]]>'Product images' column","<![CDATA[ &nbsp; &nbsp; &nbsp; &nbsp; - ]]> Las imágenes del producto columna"
"<![CDATA[ &nbsp; &nbsp; &nbsp; &nbsp; - ]]>'Product name' column","<![CDATA[ &nbsp; &nbsp; &nbsp; &nbsp; - ]]> Producto columna de nombre"
"<![CDATA[ &nbsp; &nbsp; &nbsp; &nbsp; - ]]>'Qty' column","<![CDATA[ &nbsp; &nbsp; &nbsp; &nbsp; - ]]> Cantidad columna"
"<![CDATA[ &nbsp; &nbsp; &nbsp; &nbsp; - ]]>'ship-address' and' bill-address' column format","<![CDATA[ &nbsp; &nbsp; &nbsp; &nbsp; - ]]> buques dirección y dirección de facturación formato de columna"
"<![CDATA[ &nbsp; &nbsp; &nbsp; &nbsp; - ]]>'SKU' column","<![CDATA[ &nbsp; &nbsp; &nbsp; &nbsp; - ]]> SKU columna"
"<![CDATA[ &nbsp; &nbsp; &nbsp; &nbsp; - ]]>'Stock warning' column","<![CDATA[ &nbsp; &nbsp; &nbsp; &nbsp; - ]]> De la columna de advertencia"
"<![CDATA[ &nbsp; &nbsp; &nbsp; &nbsp; - ]]>'Tick boxes' next to item SKUs?","<![CDATA[ &nbsp; &nbsp; &nbsp; &nbsp; - ]]> Marque las casillas junto a SKUs Elementos?"
"<![CDATA[ &nbsp; &nbsp; &nbsp; &nbsp; - ]]>2a Shipmethod match","2a Shipmethod partido"
"<![CDATA[ &nbsp; &nbsp; &nbsp; &nbsp; - ]]>2b Shipmethod match","<![CDATA[ &nbsp; &nbsp; &nbsp; &nbsp; - ]]>Partido Shipmethod 2b"
"<![CDATA[ &nbsp; &nbsp; &nbsp; &nbsp; - ]]>2c Shipmethod match","<![CDATA[ &nbsp; &nbsp; &nbsp; &nbsp; - ]]>2c Shipmethod partido"
"<![CDATA[ &nbsp; &nbsp; &nbsp; &nbsp; - ]]>2d Country negative match","<![CDATA[ &nbsp; &nbsp; &nbsp; &nbsp; - ]]>Partido País negativo 2d"
"<![CDATA[ &nbsp; &nbsp; &nbsp; &nbsp; - ]]>2nd Custom page title","<![CDATA[ &nbsp; &nbsp; &nbsp; &nbsp; - ]]>Segundo título de página personalizado"
"<![CDATA[ &nbsp; &nbsp; &nbsp; &nbsp; - ]]>2nd Order attribute code","<![CDATA[ &nbsp; &nbsp; &nbsp; &nbsp; - ]]>Orden segundo código de atributo"
"<![CDATA[ &nbsp; &nbsp; &nbsp; &nbsp; - ]]>Attribute code","<![CDATA[ &nbsp; &nbsp; &nbsp; &nbsp; - ]]>Atributo código"
"<![CDATA[ &nbsp; &nbsp; &nbsp; &nbsp; - ]]>Attribute column title","<![CDATA[ &nbsp; &nbsp; &nbsp; &nbsp; - ]]>Atributo título de la columna"
"<![CDATA[ &nbsp; &nbsp; &nbsp; &nbsp; - ]]>Box 1 Image","<![CDATA[ &nbsp; &nbsp; &nbsp; &nbsp; - ]]>Recuadro 1 Imagen"
"<![CDATA[ &nbsp; &nbsp; &nbsp; &nbsp; - ]]>Box 2a Image (Store Pickup)","<![CDATA[ &nbsp; &nbsp; &nbsp; &nbsp; - ]]>Caja imagen 2a (para recoger en tienda)"
"<![CDATA[ &nbsp; &nbsp; &nbsp; &nbsp; - ]]>Box 2b Image (Express Mail)","<![CDATA[ &nbsp; &nbsp; &nbsp; &nbsp; - ]]>Cuadro 2b imagen (Express Mail)"
"<![CDATA[ &nbsp; &nbsp; &nbsp; &nbsp; - ]]>Box 2c Image (Priority International)","<![CDATA[ &nbsp; &nbsp; &nbsp; &nbsp; - ]]>Cuadro 2c imagen (Prioridad Internacional)"
"<![CDATA[ &nbsp; &nbsp; &nbsp; &nbsp; - ]]>Box 2d Image (Standard International)","<![CDATA[ &nbsp; &nbsp; &nbsp; &nbsp; - ]]>Cuadro 2d imagen (Standard International)"
"<![CDATA[ &nbsp; &nbsp; &nbsp; &nbsp; - ]]>Box 3 Image","<![CDATA[ &nbsp; &nbsp; &nbsp; &nbsp; - ]]>Cuadro 3 Imagen"
"<![CDATA[ &nbsp; &nbsp; &nbsp; &nbsp; - ]]>Filter text (don't show notes containg this text)","<![CDATA[ &nbsp; &nbsp; &nbsp; &nbsp; - ]]>Texto Filter (Don Ver los apuntes t containg este texto)"
"<![CDATA[ &nbsp; &nbsp; &nbsp; &nbsp; - ]]>Hide these groups :","<![CDATA[ &nbsp; &nbsp; &nbsp; &nbsp; - ]]>Ocultar estos grupos:"
"<![CDATA[ &nbsp; &nbsp; &nbsp; &nbsp; - ]]>Image file","<![CDATA[ &nbsp; &nbsp; &nbsp; &nbsp; - ]]>Archivo de imagen"
"<![CDATA[ &nbsp; &nbsp; &nbsp; &nbsp; - ]]>Image position nudge","<![CDATA[ &nbsp; &nbsp; &nbsp; &nbsp; - ]]>Imagen codazo posición"
"<![CDATA[ &nbsp; &nbsp; &nbsp; &nbsp; - ]]>Max weight per box","<![CDATA[ &nbsp; &nbsp; &nbsp; &nbsp; - ]]>Peso máximo por caja"
"<![CDATA[ &nbsp; &nbsp; &nbsp; &nbsp; - ]]>Nudge 2nd custom title","<![CDATA[ &nbsp; &nbsp; &nbsp; &nbsp; - ]]>Empujar segundo título personalizado"
"<![CDATA[ &nbsp; &nbsp; &nbsp; &nbsp; - ]]>Nudge order notes","<![CDATA[ &nbsp; &nbsp; &nbsp; &nbsp; - ]]>Empujar notas de pedido"
"<![CDATA[ &nbsp; &nbsp; &nbsp; &nbsp; - ]]>Order attribute code","<![CDATA[ &nbsp; &nbsp; &nbsp; &nbsp; - ]]>Código de pedido atributo"
"<![CDATA[ &nbsp; &nbsp; &nbsp; &nbsp; - ]]>Pallet' go' weight","<![CDATA[ &nbsp; &nbsp; &nbsp; &nbsp; - ]]>Palet, peso go"
"<![CDATA[ &nbsp; &nbsp; &nbsp; &nbsp; - ]]>Show tax breakdown?","<![CDATA[ &nbsp; &nbsp; &nbsp; &nbsp; - ]]>Mostrar desglose de impuestos?"
"<![CDATA[ &nbsp; &nbsp; &nbsp; &nbsp; - ]]>Weight unit:","<![CDATA[ &nbsp; &nbsp; &nbsp; &nbsp; - ]]>Peso unidad:"
"<![CDATA[ &nbsp; &nbsp; &nbsp; &nbsp; - ]]>What is your word for' tax'?","<![CDATA[ &nbsp; &nbsp; &nbsp; &nbsp; - ]]>¿Cuál es tu palabra para impuestos?"
"Add 2nd shipping-type image?","Añade segundo envío, tipo de imagen?"
"Add 3rd shipping-type image?","Añadir tercio del envío-tipo de imagen?"
"Add company address to header?","Añadir dirección de la empresa a la cabecera?"
"Add header logo?","Agregar logo cabecera?"
"Add image background to label?","Agregar imagen de fondo a la etiqueta?"
"Add Order ID barcode?","Agregar código de barras Order ID?"
"Add ordered qty to stock-needed qty?","Cantidad Añadir ordenó acciones necesarias cant?"
"Add return address at bottom?","Agregar la dirección de retorno en el fondo?"
"Add return address?","Añadir dirección de retorno?"
"Add shipping address at bottom?","Agregar la dirección de envío en el fondo?"
"Add shipping-type image?","Añadir el envío de tipo de imagen?"
"Address format","Formato de dirección"
"Address label : Color","Dirección impresa: Color"
"Address label : Font","Dirección impresa: Font"
"Address label : Size","Dirección impresa: Tamaño"
"Address label : Style","Dirección impresa: Estilo"
"Address-label Sheet Options","Etiqueta de dirección-Opciones de hoja"
"Alternate row color","Color de fila alternativo"
"Attribute to show","Atributo para mostrar"
"Attribute to sort by :","Atributo para ordenar por:"
"Attribute to use as product name","Atributo para usar el nombre del producto"
"Auto Processing","Auto de Procesamiento"
"Barcode : Font","Código de barras: Font"
"Barcode X-pos.","Barcode X-pos."
"Bottom of page","Parte inferior de la página"
"Capitalise shipping labels?","Capitalizar las etiquetas de envío?"
"Category translation","Categoría traducción"
"Color attribute","Color de atributo"
"Color X-pos.","Color de X-POS."
"Column mapping","Correlación de columnas"
"Columns Y-X-pos.","Columnas Y-X-POS."
"Comments","Comentarios"
"Company address : Color","Dirección de la compañía: Color"
"Company address : Font","Dirección de la compañía: Font"
"Company address : Size","Dirección de la compañía: Tamaño"
"Company address : Style","Dirección de la compañía: Estilo"
"Condition","Condición"
"Cost (base) to (display) exchange rate","Costo (base) al tipo de cambio (display)"
"Cost currency prefix","Costo prefijo moneda"
"Cost multiplier","Costo multiplicador"
"CSV (Order-combined Products) Options","CSV (Productos como lista combinada)"
"CSV (Order-separated Products) Options","CSV (Productos como lista separada)"
"CSV (Orders) Options","CSV (Orders) Opciones"
"CSV field separator","CSV separador de campo"
"Custom Message : Background Color","Contenido del Mensaje: Color de fondo"
"Custom Message : Color","Mensaje personalizado: Color"
"Custom Message : Font","Contenido del Mensaje: Font"
"Custom Message : Size","Mensaje personalizado: Tamaño"
"Custom Message : Style","Contenido del Mensaje: Estilo"
"Custom text under product list?","Texto personalizado debajo de la lista de productos?"
"Custom Value","Valor personalizado"
"Customer Address X-pos.","Dirección del cliente X-pos."
"Customer Comments","Comentarios de los clientes"
"Customer ID (Footer) X-pos.","Identificación del Cliente (pie de página) X-pos."
"Customer ID X-pos.","ID de cliente X-pos."
"Customer name X-pos.","Nombre del cliente X-pos."
"Customize page title?","Personalizar título de la página?"
"Date format","Formato de fecha"
"Day","Día"
"Don't count these custom option SKUs :","Don t contar los SKUs de opciones personalizadas:"
"Double-line spacing?","Haga doble interlineado?"
"Email: Body","Correo electrónico: Cuerpo"
"Email: Send To","Email: Envía a"
"Email: Sender","E-mail: Remitente"
"Email: Subject","E-mail: Asunto"
"Error Product Count","Error Count Producto "
"Export: Path","Exportación: Path"
"Extra attribute position","Posición atributo adicional"
"Filter by supplier?","Filtrar por proveedor?"
"Filter out some options?","Filtrar algunas opciones?"
"Filter out these custom option SKUs :","Filtrar los SKUs de opciones personalizadas:"
"Filter/Split which PDFs?","Filtro / Dividir archivos PDF que?"
"Font size (Overall)","Tamaño de la fuente (General)"
"Font size (Product Lines)","Tamaño de letra (Líneas de Productos)"
"FTP host","FTP anfitrión"
"FTP password","FTP contraseña"
"FTP port","Puerto FTP"
"FTP user","FTP del usuario"
"General Options","Opciones generales"
"Gift Message : Background Color","Mensaje para Regalo: Color de fondo"
"Gift Message : Color","Mensaje para Regalo: Color"
"Gift Message : Font","Mensaje para Regalo: Font"
"Gift Message : Size","Mensaje de regalo: Tamaño"
"Gift Message : Style","Mensaje de regalo: Style"
"Group by Category?","Grupo por categoría?"
"Group With Other Prints","Agrupar con otras impresiones"
"Hide this' country name' :","Ocultar este nombre de país:"
"Horizontal bars : Background Color","Las barras horizontales: Color de fondo"
"Images column title","Imágenes título de la columna"
"Include customer phone in addresses?","Incluya teléfono del cliente en las direcciones?"
"Include order notes?","Incluye notas de pedido?"
"Include shipping country in addresses?","Incluya país de procedencia en las direcciones?"
"Invoice Address","Dirección de factura"
"Invoice Options","Opciones de facturas"
"Item count","Artículos"
"Item quantity","La cantidad de artículos "
"Items column title","Artículos título de la columna"
"Key : Bundle Parent ","Clave: Bundle Padres "
"Middle of page","Medio de página"
"Minimum stock qty","Cantidad mínima"
"Moogento","Moogento"
"Net Stock After All Picks","Stock neto después de todos Selecciones "
"No of Items per page","Número de productos por página"
"Nudge shelving","Empujar estantería"
"Nudge shipping address","Empujar la dirección de envío"
"order","orden "
"Order Attribute","Orden Atributo"
"Order Attribute Value","Orden Atributo Valor"
"Order date X-pos.","Orden de fecha X-pos."
"Order ID (Footer) X-pos.","ID del pedido (pie de página) X-pos."
"Order ID X-pos.","ID del pedido X-pos."
"Order-combined Pick List","Pedidos como lista combinada"
"Order-combined Pick List Options","Pedidos como lista combinada - Optiones"
"Order-combined Picklist","Pedidos como lista combinada"
"Order-separated Pick List","Pedidos como lista separada"
"Order-separated Pick List Options","Pedidos como lista separada - Optiones"
"Order-separated Picklist","Pedidos como lista separada"
"Orders with In Stock Items Only","Las órdenes con sólo disponible inmediatamente"
"Output as PDF or CSV?","De salida como PDF o CSV?"
"Output Excel XML file (instead of CSV)","Salida de Excel archivo XML (en lugar de CSV)"
"Override default address formatting?","Reemplazar formato predeterminado de direcciones?"
"Packing Sheet Options","Embalaje Opciones de hoja"
"Packing Sheet Products : Separating Line Color","Envasado de productos Hoja: color de línea que separa"
"Packing Sheet Products : Separating Vertical Line Color","Envasado de productos Hoja: Separación Vertical Color Line"
"Page","página "
"Page 1 Product-lines cutoff Y-pos","Página 1 Productos grupos de corte Y-POS"
"Page Body : Color","Page Body: Color"
"Page Body : Font","Page Body: Font"
"Page Body : Size","Page Body: Tamaño"
"Page Body : Style","Body Página: Estilo"
"Page size","Tamaño de la página"
"Page template :","Página de plantilla:"
"Page title : Color","Título de la página: Color"
"Page title : Font","Título de la página: Font"
"Page title : Size","Título de la página: Size"
"Page title : Style","Título de la página: Style"
"Paper height","Libro altura"
"Paper width","Ancho del papel"
"PDF/CSV Out-of-stock List Options","PDF / CSV Out-of-stock Opciones de la lista"
"pickPack","pickPack"
"pickPack Validation Key","pickPack Validation Key"
"Position of shelving info","Posición de los estantes info"
"Pre-cells","Pre-células"
"Price column title","Precio título de la columna"
"Price X-pos.","Precio X-pos."
"Print Condition","Imprimir Condición"
"Printed","impreso"
"Printed:","Impreso: "
"Product list sort direction :","Lista de productos tipo dirección:"
"Product name position","Producto Posición Nombre"
"Product name X-pos.","Nombre del producto X-pos."
"Product names or attributes contain non-roman characters?","Los nombres de productos o atributos contienen caracteres no romanos?"
"Product Options : Size","Opciones del producto: Tamaño"
"Qty column title","Cantidad título de la columna"
"Qty remaining to be shipped","Cantidad restante para ser enviado "
"Qty X-pos.","Cantidad de X-pos."
"Round cost by ? decimal places","Alrededor costo? decimales"
"Round weight by ? decimal places","Alrededor de peso? decimales"
"Select Order Attribute To Update","Seleccione Atributo para actualizar"
"Set Internal Printed Flag?","Establecer un indicador interno marcado?"
"Set the currency symbol","Definición del símbolo de moneda"
"Shelving attribute","Estanterías atributo"
"Shelving position","Estanterías posición"
"Shipment-combined Pick List","Enviados como lista combinada"
"Shipments included","Los envíos incluidos "
"Shipping Address","Dirección de envío"
"Shipping/Billing Title : Style","Envío / Título de facturación: Estilo"
"Show advanced options?","Mostrar opciones avanzadas?"
"Show another attribute?","Mostrar otro atributo?"
"Show BetaBoxes?","Mostrar BetaBoxes?"
"Show billing address at top?","Mostrar la dirección de facturación en la parte superior?"
"Show cost subtotal?","Mostrar costar subtotal?"
"Show custom product attribute?","Mostrar atributos del producto para requisitos particulares?"
"Show custom product options?","Mostrar opciones de personalización de productos?"
"Show customer email?","Mostrar correo electrónico del cliente?"
"Show customer phone?","Mostrar teléfono del cliente?"
"Show date printed?","Mostrar fecha impresa?"
"Show extended info line?","Mostrar línea de información extendida?"
"Show extra shipping details?","Mostrar detalles adicionales de envío?"
"Show gift message?","Ver mensajes regalo?"
"Show logo on Pick Lists?","Mostrar el logotipo en las listas de selección?"
"Show name?","Mostrar nombre?"
"Show Order ID barcode?","Mostrar código de barras de ID del pedido?"
"Show order ID barcodes?","Mostrar códigos de barras orden de identificación?"
"Show Order IDs?","Mostrar ID de pedido?"
"Show phone numbers?","Mostrar números de teléfono?"
"Show prices?","Mostrar precios?"
"Show product images?","Ver las fotos de productos?"
"Show product name?","Mostrar el nombre del producto?"
"Show product names?","Mostrar los nombres de productos?"
"Show product options?","Mostrar opciones de productos?"
"Show product sku barcode?","Mostrar producto sku código de barras?"
"Show product sku?","Mostrar producto sku?"
"Show shelving info?","Mostrar estanterías información?"
"Show shipping address at top?","Mostrar la dirección de envío en la parte superior?"
"Show shipping address?","Mostrar la dirección de envío?"
"Show shipping method?","Mostrar método de envío?"
"Show SKU?","Mostrar SKU?"
"Show specific attribute?","Mostrar atributo específico?"
"Show stock alert below...","Mostrar alerta valores por debajo de ..."
"Show stock alerts?","Mostrar alertas de valores?"
"Show which value for configurable product names?","Mostrar que el valor de los nombres de productos configurables?"
"Show which value for product names?","Mostrar que el valor de los nombres de productos?"
"Show' Packed by' note?","Mostrar Embalado por nota?"
"Show' total item count'?","Mostrar recuento total de la pieza?"
"Show' total order count'?","Mostrar recuento total de la orden?"
"Show' total paid'?","Mostrar total pagado?"
"Show' total shipping paid'?","Mostrar envío total pagado?"
"Size attribute","Tamaño atributo"
"Size X-pos.","Size X-POS."
"SKU Barcode column title","Barcode SKU columna título"
"SKU column title","SKU título de la columna"
"SKU position","SKU posición"
"SKU X-pos.","SKU X-pos."
"Sort direction :","Sort direction:"
"Sort items by :","Artículos Ordenar por:"
"Sort product lists by :","Ordenar listas de productos por:"
"Sort product lists?","Ordenar listas de productos?"
"Start overflow pages where?","Comience páginas de desbordamiento dónde?"
"Status","Estado"
"Stock Filter","Stock filtro"
"Subheadings : Color","Calificadores: Color"
"Subheadings : Font","Calificadores: fuentes"
"Subheadings : Size","Calificadores: Tamaño"
"Subheadings : Style","Calificadores: Estilo"
"Supplier attribute","Proveedor atributo"
"Supplier options","Opciones de proveedores"
"Supplier username:suppliername","Nombre del proveedor: suppliername"
"Supplier' login'","Proveedor de inicio de sesión"
"Tax column title","Impuesto título de la columna"
"Time","Tiempo"
"Top of page","Inicio de la página"
"Total cost","costo total "
"Total cost these shipments","El costo total de estos envíos "
"Total item quantity","Cantidad total del artículo "
"Total item quantity ordered","Cantidad total del artículo pedido "
"Total item quantity shipped all time","Cantidad total del artículo enviado todos los tiempos "
"Total item quantity shipped this time","Cantidad total del artículo enviado este momento "
"Total orders","El total de pedidos "
"Total paid","total pagado "
"Total paid this shipment","Total pagado este envío "
"Total price column title","El precio total título de la columna"
"Total shipping paid (ex. tax)","Envío total pagada (impuesto ex.) "
"Total shipping paid (inc. tax)","Envío total pagada (inc. IVA) "
"Total weight","peso total "
"Truncate items to fit in columns?","Truncar artículos para encajar en las columnas?"
"Update Order Attribute","Actualizar atributo Order"
"Upsize + bold qty, if qty = 2+","Upsize y qty negrita si qty is 2 +"
"Value","Valor"
"Weight multiplier","Peso multiplicador"
"X-Pos. attr. 2","X-Pos. attr. 2"
"X-Pos. attr. 2 (+ prices col)","X-Pos. attr. 2 (+ col precios)"
"X-Pos. attr. 3","X-Pos. attr. 3"
"X-Pos. attr. 3 (+ prices col)","X-Pos. attr. 3 (+ col precios)"
"X-Pos. custom product options","X-Pos. opciones de personalización de productos"
"X-Pos. images","X-Pos. imágenes"
"X-Pos. images (+ prices col)","X-Pos. imágenes (+ col precios)"
"X-Pos. name","X-Pos. nombre"
"X-Pos. name (+ prices col)","X-Pos. Nombre de los precios (+ col)"
"X-Pos. qty","X-Pos. Cantidad"
"X-Pos. qty (+ prices col)","X-Pos. Cantidad (+ col precios)"
"X-Pos. shelf","X-Pos. estante"
"X-Pos. shelf (+ prices col)","X-Pos. (+ estanterías precios col)"
"X-Pos. sku","X-Pos. sku"
"X-Pos. sku (+ prices col)","X-Pos. sku (+ col precios)"
"X-Pos. SKU barcode","X-Pos. SKU código de barras"
"X-Pos. SKU barcode (+ prices col)","X-Pos. SKU código de barras (+ col precios)"
"X-Pos. tickbox","X-Pos. Tickbox"
"X-Pos. tickbox (+ prices col)","X-Pos. Tickbox (+ col precios)"
"X-Pos. total price","X-Pos. precio total"
"X-Pos. unit price","X-Pos. precio por unidad"
"X-Pos. unit tax","X-Pos. unidad tributaria"
"XML/CSV Cargo Packing Sheet","XML / CSV Cargo Hoja de embalaje"
"Seperator 1?","Separador 1? "
"PDF (Invoice)?","PDF (factura)? "
"PDF (Packing Sheet)?","PDF (Hoja Embalaje)? "
"PDF (Invoice and Packing Sheet)?","PDF (factura y la hoja de embalaje)? "
"PDF (Order-separated Pick List)?","PDF (Pedidos como lista separada)? "
"PDF (Orders Summary)?","PDF (Órdenes Resumen)? "
"Show PDF (Order-combined Pick List)?","Mostrar PDF (Pedidos como lista combinada)?"
"PDF (Trolleybox Pick List)?","PDF (Trolleybox Lista de selección)? "
"PDF (Address Labels)?","PDF (etiquetas de dirección)? "
"PDF (Zebra Labels)?","PDF (etiquetas Zebra)? "
"PDF (Out-of-stock List)?","PDF (Out-of-Stock List)? "
"Seperator 2?","Separador de 2? "
"CSV (Orders)?","CSV (Órdenes)? "
"CSV (Order-separated Products)?","CSV (Productos como lista separada)? "
"CSV (Order-combined Products)?","CSV (Productos como lista combinada)? "
"CSV/XML (Cargo Manifest)?","CSV / XML (Manifiesto de Carga)? "
"Seperator 1","separador 1 "
"PDF (Invoice)","PDF (factura) "
"PDF (Packing Sheet)","PDF (Hoja de embalaje) "
"PDF (Invoice and Packing Sheet)","PDF (factura y la hoja de embalaje) "
"PDF (Order-separated Pick List)","PDF (Pedidos como lista separada) "
"PDF (Orders Summary)","PDF (Órdenes Resumen) "
"Show PDF (Order-combined Pick List)","Mostrar PDF (Pedidos como lista combinada) "
"PDF (Trolleybox Pick List)","PDF (Trolleybox lista de selección) "
"PDF (Address Labels)","PDF (etiquetas de dirección) "
"PDF (Zebra Labels)","PDF (etiquetas Zebra) "
"PDF (Out-of-stock List)","PDF (Out-of-Stock List) "
"Seperator 2","separador de 2 "
"CSV (Orders)","CSV (órdenes) "
"CSV (Order-separated Products)","CSV (Productos como lista separada) "
"CSV (Order-combined Products)","CSV (Productos como lista combinada)) "
"CSV/XML (Cargo Manifest)","CSV / XML (Manifiesto de Carga)"
"PDF (Order-combined Pick List)","PDF (Pedidos como lista combinada)"